Et,k1st defect_crop_-40C,k1st defect_crop_-5C,k1st defect_crop_30C,ksingle defect_crop_65C,ksingle defect_crop_100C,TauMinor1st defect_crop_-40C,TauMinor1st defect_crop_-5C,TauMinor1st defect_crop_30C,TauMinorsingle defect_crop_65C,TauMinorsingle defect_crop_100C,StdDev
-5.999999999999999778e-01,nan,nan,9.953863579858916346e+05,5.539918665866764059e+04,2.238460065884191135e+04,nan,nan,1.879699828573065982e-04,1.931168416799803093e-04,2.296247149022534668e-04,nan
-5.969999999999999751e-01,nan,nan,8.873438709173883544e+05,4.997700992346786370e+04,2.038979502548337041e+04,nan,nan,1.879699638763762724e-04,1.931165274618702277e-04,2.296238742583757973e-04,nan
-5.939999999999999725e-01,nan,nan,7.910284606525361305e+05,4.508551158647948614e+04,1.857274795842689855e+04,nan,nan,1.879699425842916135e-04,1.931161791531482209e-04,2.296229513735702742e-04,nan
-5.909999999999999698e-01,nan,nan,7.051672545086508617e+05,4.067275317795458977e+04,1.691761926383851096e+04,nan,nan,1.879699186996295159e-04,1.931157930550725366e-04,2.296219382018991749e-04,nan
-5.879999999999999671e-01,nan,nan,6.286255391153353266e+05,3.669187954159634683e+04,1.540998027896188432e+04,nan,nan,1.879698919066951626e-04,1.931153650675673729e-04,2.296208259102121155e-04,nan
-5.849999999999999645e-01,nan,nan,5.603917644169731066e+05,3.310062132133270643e+04,1.403668808956816792e+04,nan,nan,1.879698618513481710e-04,1.931148906456689593e-04,2.296196048011158169e-04,nan
-5.819999999999999618e-01,nan,nan,4.995641753609646694e+05,2.986084614062419132e+04,1.278577095597848347e+04,nan,nan,1.879698281363190030e-04,1.931143647512428623e-04,2.296182642284032456e-04,nan
-5.789999999999999591e-01,nan,nan,4.453388946004736936e+05,2.693815370867626916e+04,1.164632394885686335e+04,nan,nan,1.879697903159555442e-04,1.931137817994609093e-04,2.296167925042059282e-04,nan
-5.759999999999999565e-01,nan,nan,3.969992987166600069e+05,2.430151055435165108e+04,1.060841388497229491e+04,nan,nan,1.879697478903288930e-04,1.931131355994648358e-04,2.296151767970562325e-04,nan
-5.729999999999999538e-01,nan,nan,3.539065475600288482e+05,2.192292050934540021e+04,9.662992734203522559e+03,nan,nan,1.879697002986206766e-04,1.931124192885887430e-04,2.296134030199714659e-04,nan
-5.699999999999999512e-01,nan,nan,3.154911415497940034e+05,1.977712744177633431e+04,8.801818742908375498e+03,nan,nan,1.879696469117043424e-04,1.931116252594370687e-04,2.296114557075804572e-04,nan
-5.669999999999999485e-01,nan,nan,2.812453953553287429e+05,1.784134708378907453e+04,8.017384586045875949e+03,nan,nan,1.879695870238219288e-04,1.931107450790436279e-04,2.296093178812201835e-04,nan
-5.639999999999999458e-01,nan,nan,2.507167284943512350e+05,1.609502510568023536e+04,7.302851921715025128e+03,nan,nan,1.879695198432452348e-04,1.931097693992495632e-04,2.296069709008232091e-04,nan
-5.609999999999999432e-01,nan,nan,2.235016841785937431e+05,1.451961886775516541e+04,6.651991777585404634e+03,nan,nan,1.879694444817989847e-04,1.931086878573450797e-04,2.296043943023006145e-04,nan
-5.579999999999999405e-01,nan,nan,1.992405973620110599e+05,1.309840053253094629e+04,6.059130249535930488e+03,nan,nan,1.879693599431042010e-04,1.931074889659165365e-04,2.296015656189993230e-04,nan
-5.549999999999999378e-01,nan,nan,1.776128415262099006e+05,1.181627944671014484e+04,5.519099039127125252e+03,nan,nan,1.879692651093883967e-04,1.931061599907234595e-04,2.295984601856723576e-04,nan
-5.519999999999999352e-01,nan,nan,1.583325913861657318e+05,1.065964190695659454e+04,5.027190398714803450e+03,nan,nan,1.879691587266845896e-04,1.931046868153025607e-04,2.295950509232460614e-04,nan
-5.489999999999999325e-01,nan,nan,1.411450455175669631e+05,9.616206608089534711e+03,4.579116091437054820e+03,nan,nan,1.879690393882235200e-04,1.931030537908539030e-04,2.295913081025017545e-04,nan
-5.459999999999999298e-01,nan,nan,1.258230589852651319e+05,8.674894238828461312e+03,4.170970008306328054e+03,nan,nan,1.879689055157973004e-04,1.931012435698045368e-04,2.295871990846013258e-04,nan
-5.429999999999999272e-01,nan,nan,1.121641414707551885e+05,7.825709840441676533e+03,3.799194116519506224e+03,nan,nan,1.879687553388452361e-04,1.930992369212723844e-04,2.295826880361858443e-04,nan
-5.400000000000000355e-01,nan,nan,9.998778122694074409e+04,7.059636679170571369e+03,3.460547442138446058e+03,nan,nan,1.879685868709834236e-04,1.930970125264546301e-04,2.295777356165488363e-04,nan
-5.369999999999999218e-01,nan,nan,8.913305949444166617e+04,6.368540505553934963e+03,3.152077816746134431e+03,nan,nan,1.879683978836632998e-04,1.930945467517515579e-04,2.295722986341424158e-04,nan
-5.340000000000000302e-01,nan,nan,7.945652385237076669e+04,5.745083184069188974e+03,2.871096141778967194e+03,nan,nan,1.879681858766068310e-04,1.930918133971950017e-04,2.295663296694032168e-04,nan
-5.309999999999999165e-01,nan,nan,7.083029239846451674e+04,5.182644775998041951e+03,2.615152946182444794e+03,nan,nan,1.879679480446208736e-04,1.930887834174830177e-04,2.295597766605859708e-04,nan
-5.280000000000000249e-01,nan,nan,6.314036370406379865e+04,4.675253248186281780e+03,2.382017033031502251e+03,nan,nan,1.879676812403455861e-04,1.930854246126256985e-04,2.295525824489691013e-04,nan
-5.250000000000000222e-01,nan,nan,5.628511020884295431e+04,4.217521061335706690e+03,2.169656028965542191e+03,nan,nan,1.879673819324341499e-04,1.930817012848773948e-04,2.295446842794318740e-04,nan
-5.220000000000000195e-01,nan,nan,5.017393514450827934e+04,3.804587964516739703e+03,1.976218666877517308e+03,nan,nan,1.879670461585996862e-04,1.930775738582629056e-04,2.295360132520121374e-04,nan
-5.190000000000000169e-01,nan,nan,4.472607523779848998e+04,3.432069388487143442e+03,1.800018647405251386e+03,nan,nan,1.879666694728932691e-04,1.930729984565963161e-04,2.295264937196138551e-04,nan
-5.160000000000000142e-01,nan,nan,3.986953336971342651e+04,3.096009889851311982e+03,1.639519938536898280e+03,nan,nan,1.879662468864975425e-04,1.930679264354370457e-04,2.295160426265563131e-04,nan
-5.130000000000000115e-01,nan,nan,3.554012708534630656e+04,2.792841151725365762e+03,1.493323385179172647e+03,nan,nan,1.879657728012299172e-04,1.930623038629209658e-04,2.295045687821298784e-04,nan
-5.100000000000000089e-01,nan,nan,3.168064037973520681e+04,2.519344094954236425e+03,1.360154511956595570e+03,nan,nan,1.879652409348453511e-04,1.930560709438407165e-04,2.294919720627404023e-04,nan
-5.070000000000000062e-01,nan,nan,2.824006755002056525e+04,2.272614697573592366e+03,1.238852412912041245e+03,nan,nan,1.879646442371144389e-04,1.930491613807207860e-04,2.294781425355861451e-04,nan
-5.040000000000000036e-01,nan,nan,2.517293912090592494e+04,2.050033159583724228e+03,1.128359631254110127e+03,nan,nan,1.879639747955196157e-04,1.930415016649307579e-04,2.294629594961053096e-04,nan
-5.010000000000000009e-01,nan,nan,2.243872093507439422e+04,1.849236085623788540e+03,1.027712940927484397e+03,nan,nan,1.879632237292626037e-04,1.930330102901006467e-04,2.294462904106559301e-04,nan
-4.979999999999999982e-01,nan,nan,2.000127846714029147e+04,1.668091390178703250e+03,9.360349496441796191e+02,nan,nan,1.879623810701069344e-04,1.930235968792258256e-04,2.294279897550327715e-04,nan
-4.949999999999999956e-01,nan,nan,1.782839928168438928e+04,1.504675658859625173e+03,8.525264501747419672e+02,nan,nan,1.879614356283843565e-04,1.930131612158744888e-04,2.294078977384825051e-04,nan
-4.919999999999999929e-01,nan,nan,1.589136732433557518e+04,1.357253725377493993e+03,7.764594532213856155e+02,nan,nan,1.879603748422741731e-04,1.930015921688202905e-04,2.293858389018349887e-04,nan
-4.889999999999999902e-01,nan,nan,1.416458341987118729e+04,1.224260247355616002e+03,7.071708411368174438e+02,nan,nan,1.879591846082115511e-04,1.929887664981980589e-04,2.293616205772177621e-04,nan
-4.859999999999999876e-01,nan,nan,1.262522696196427205e+04,1.104283085351443560e+03,6.440565871647640961e+02,nan,nan,1.879578490899916658e-04,1.929745475299156929e-04,2.293350311955518644e-04,nan
-4.829999999999999849e-01,nan,nan,1.125295432357943537e+04,9.960483086039074578e+02,5.865664898081150795e+02,nan,nan,1.879563505038043939e-04,1.929587836835157237e-04,2.293058384266207612e-04,nan
-4.799999999999999822e-01,nan,nan,1.002963000231063052e+04,8.984066682958890624e+02,5.341993764213268605e+02,nan,nan,1.879546688760549359e-04,1.929413068369604297e-04,2.292737871349522687e-04,nan
-4.769999999999999796e-01,nan,nan,8.939086947565252558e+03,8.103213947032857050e+02,4.864987342141609474e+02,nan,nan,1.879527817703836097e-04,1.929219305098727724e-04,2.292385971330352008e-04,nan
-4.739999999999999769e-01,nan,nan,7.966912902157640929e+03,7.308571886595645992e+02,4.430487305798158673e+02,nan,nan,1.879506639797916821e-04,1.929004478445852007e-04,2.291999607114895813e-04,nan
-4.709999999999999742e-01,nan,nan,7.100259934673572388e+03,6.591702904458610419e+02,4.034705880544938736e+02,nan,nan,1.879482871791910824e-04,1.928766293618875576e-04,2.291575399237011953e-04,nan
-4.679999999999999716e-01,nan,nan,6.327674645447928015e+03,5.944995206570761184e+02,3.674192823069249698e+02,nan,nan,1.879456195330108206e-04,1.928502204655872993e-04,2.291109636000929000e-04,nan
-4.649999999999999689e-01,nan,nan,5.638946802213652518e+03,5.361581979148646724e+02,3.345805343724277350e+02,nan,nan,1.879426252516939230e-04,1.928209386668525117e-04,2.290598240646097531e-04,nan
-4.619999999999999662e-01,nan,nan,5.024974405041072714e+03,4.835268476088834859e+02,3.046680709111514034e+02,nan,nan,1.879392640899863202e-04,1.927884704957453350e-04,2.290036735231104419e-04,nan
-4.589999999999999636e-01,nan,nan,4.477643397310032924e+03,4.360466242469489657e+02,2.774211286066824869e+02,nan,nan,1.879354907788174294e-04,1.927524680633114172e-04,2.289420200901496412e-04,nan
-4.559999999999999609e-01,nan,nan,3.989720433014829723e+03,3.932133775718577340e+02,2.526021809494916113e+02,nan,nan,1.879312543812810003e-04,1.927125452329862495e-04,2.288743234170638322e-04,nan
-4.529999999999999583e-01,nan,nan,3.554757283250046839e+03,3.545722994382599609e+02,2.299948675883379110e+02,nan,nan,1.879264975616885629e-04,1.926682733548330784e-04,2.287999898802898678e-04,nan
-4.499999999999999556e-01,nan,nan,3.167005618544995741e+03,3.197130946095232957e+02,2.094021081986660704e+02,nan,nan,1.879211557548461327e-04,1.926191765101238390e-04,2.287183672843986289e-04,nan
-4.469999999999999529e-01,nan,nan,2.821341040838009576e+03,2.882656241975821558e+02,1.906443844255437057e+02,nan,nan,1.879151562205261044e-04,1.925647262069001377e-04,2.286287390293549452e-04,nan
-4.439999999999999503e-01,nan,nan,2.513195361122515351e+03,2.598959754873324073e+02,1.735581749239047156e+02,nan,nan,1.879084169654935495e-04,1.925043354592453416e-04,2.285303176859504177e-04,nan
-4.409999999999999476e-01,nan,nan,2.238496227768420340e+03,2.343029164145301309e+02,1.579945298534822484e+02,nan,nan,1.879008455122943881e-04,1.924373521738928050e-04,2.284222379171135710e-04,nan
-4.379999999999999449e-01,nan,nan,1.993613307666589662e+03,2.112146970504574028e+02,1.438177724015228307e+02,nan,nan,1.878923374901962401e-04,1.923630517572643285e-04,2.283035486757901175e-04,nan
-4.349999999999999423e-01,nan,nan,1.775310308944350027e+03,1.903861641311541462e+02,1.309043160137486836e+02,nan,nan,1.878827750190228095e-04,1.922806288438266972e-04,2.281732046021985451e-04,nan
-4.319999999999999396e-01,nan,nan,1.580702211199903104e+03,1.715961579929759466e+02,1.191415870227187526e+02,nan,nan,1.878720248509311609e-04,1.921891880324514518e-04,2.280300565343703896e-04,nan
-4.289999999999999369e-01,nan,nan,1.407217138024616588e+03,1.546451642748559152e+02,1.084270432815540488e+02,nan,nan,1.878599362281754891e-04,1.920877335008872727e-04,2.278728410358358397e-04,nan
-4.259999999999999343e-01,nan,nan,1.252562367932993084e+03,1.393531954527741163e+02,9.866728024791746066e+01,nan,nan,1.878463384062284717e-04,1.919751573490352948e-04,2.277001688329397672e-04,nan
-4.229999999999999871e-01,nan,nan,1.114694034512027883e+03,1.255578797123436914e+02,8.977721672549286325e+01,nan,nan,1.878310377808375790e-04,1.918502264988902826e-04,2.275105120413653851e-04,nan
-4.199999999999999845e-01,nan,nan,9.917901153570228416e+02,1.131127368669454825e+02,8.167935316462812523e+01,nan,nan,1.878138145440718938e-04,1.917115679520698768e-04,2.273021900467622628e-04,nan
-4.169999999999999818e-01,nan,nan,8.822263528247207205e+02,1.018856230149263382e+02,7.430309605634290904e+01,nan,nan,1.877944187773812601e-04,1.915576521739384387e-04,2.270733538876420631e-04,nan
-4.139999999999999791e-01,nan,nan,7.845547883801742728e+02,9.175732742105036266e+01,6.758414253007096306e+01,nan,nan,1.877725658680851951e-04,1.913867743353677038e-04,2.268219689695747862e-04,nan
-4.109999999999999765e-01,nan,nan,6.974846268545287558e+02,8.262030672374267226e+01,6.146391979034224562e+01,nan,nan,1.877479311081305287e-04,1.911970330978358793e-04,2.265457959177989873e-04,nan
-4.079999999999999738e-01,nan,nan,6.198651777219541827e+02,7.437754302779423199e+01,5.588907450566455992e+01,nan,nan,1.877201432985035683e-04,1.909863065731781976e-04,2.262423693501687018e-04,nan
-4.049999999999999711e-01,nan,nan,5.506706479533407901e+02,6.694151375763311762e+01,5.081100769833089714e+01,nan,nan,1.876887771367780620e-04,1.907522250237844697e-04,2.259089743233302743e-04,nan
-4.019999999999999685e-01,nan,nan,4.889865854740756959e+02,6.023326233294708487e+01,4.618545108053008619e+01,nan,nan,1.876533441053796891e-04,1.904921397897556495e-04,2.255426201714670674e-04,nan
-3.989999999999999658e-01,nan,nan,4.339977940671606120e+02,5.418155979899121633e+01,4.197208114345232133e+01,nan,nan,1.876132814993574825e-04,1.902030878331488842e-04,2.251400114180507795e-04,nan
-3.959999999999999631e-01,nan,nan,3.849775600089708973e+02,4.872214850967632316e+01,3.813416763519133212e+01,nan,nan,1.875679391279215893e-04,1.898817511717141389e-04,2.246975153957966181e-04,nan
-3.929999999999999605e-01,nan,nan,3.412780480604767490e+02,4.379705983278485348e+01,3.463825336303509772e+01,nan,nan,1.875165630840580438e-04,1.895244103300328608e-04,2.242111261572357118e-04,nan
-3.900000000000000133e-01,nan,nan,3.023217398904685638e+02,3.935399863262913556e+01,3.145386252880409117e+01,nan,nan,1.874582757873397899e-04,1.891268907577135392e-04,2.236764241965295374e-04,nan
-3.870000000000000107e-01,nan,nan,2.675938017838471978e+02,3.534578799452270204e+01,2.855323505463762501e+01,nan,nan,1.873920512466188302e-04,1.886845009432618590e-04,2.230885314305789617e-04,nan
-3.840000000000000080e-01,nan,nan,2.366352807691183102e+02,3.172986829508903384e+01,2.591108458320112362e+01,nan,nan,1.873166841323152315e-04,1.881919606766550217e-04,2.224420608019380243e-04,nan
-3.810000000000000053e-01,nan,nan,2.090370392473500374e+02,2.846784529947801801e+01,2.350437804266883290e+01,nan,nan,1.872307507489827643e-04,1.876433175681130609e-04,2.217310597648672582e-04,nan
-3.780000000000000027e-01,nan,nan,1.844343479646601622e+02,2.552508248713876071e+01,2.131213485482946624e+01,nan,nan,1.871325592920865309e-04,1.870318494947793896e-04,2.209489467957385976e-04,nan
-3.750000000000000000e-01,nan,nan,1.625020658707423991e+02,2.287033327741762534e+01,1.931524403590249506e+01,nan,nan,1.870200857578708652e-04,1.863499500940269044e-04,2.200884399258756059e-04,nan
-3.719999999999999973e-01,1.056807801985210071e-02,nan,1.429503431620245522e+02,2.047540924991301736e+01,1.749629759563235254e+01,3.074651805447553101e-06,nan,1.868908903948779670e-04,1.855889937158431585e-04,2.191414761236924009e-04,nan
-3.689999999999999947e-01,1.030312488096446766e-01,nan,1.255207907223001769e+02,1.831488083671319345e+01,1.583943878230896196e+01,2.696601013185743562e-05,nan,1.867420073905894920e-04,1.847391753385915541e-04,2.180991201473847713e-04,nan
-3.659999999999999920e-01,1.826616556344735354e-01,nan,1.099830653374265097e+02,1.636580730843476061e+01,1.433022385078414729e+01,4.400255806120479448e-05,nan,1.865697971717403031e-04,1.837893197762907724e-04,2.169514612414981240e-04,nan
-3.629999999999999893e-01,2.512403301156160285e-01,nan,9.613182555540673491e+01,1.460749318702373323e+01,1.295549614843944042e+01,5.664070187199004533e-05,nan,1.863697455893851846e-04,1.827266529707321976e-04,2.156874957505044738e-04,nan
-3.599999999999999867e-01,3.103011183385956939e-01,nan,8.378401796151298697e+01,1.302126849888286486e+01,1.170327142144388333e+01,6.629342960642120792e-05,nan,1.861361862140755395e-04,1.815365261427079248e-04,2.142949933574709513e-04,nan
-3.569999999999999840e-01,3.611649872003170891e-01,nan,7.277645800475758620e+01,1.159029053502975515e+01,1.056263334145410937e+01,7.383143813194845118e-05,nan,1.858619089763418426e-04,1.802020808977808993e-04,2.127603442100068677e-04,nan
-3.539999999999999813e-01,4.049695694523324230e-01,nan,6.296367340470884244e+01,1.029936501335187415e+01,9.523638342004918655e+00,7.982069209155343763e-05,nan,1.855375968296065652e-04,1.787038397951870854e-04,2.110683836485076218e-04,nan
-3.509999999999999787e-01,4.426946082512909775e-01,nan,5.421598163783129820e+01,9.134784744040441495e+00,8.577228934997988219e+00,8.464510899254869692e-05,nan,1.851509952112375041e-04,1.770192020388018064e-04,2.092021905770507974e-04,nan
-3.479999999999999760e-01,4.751838703151349264e-01,nan,4.641777609604473298e+01,8.084184085134801023e+00,7.715154751620515228e+00,8.857434525868710089e-05,nan,1.846856536572860110e-04,1.751218173231350675e-04,2.071428546812633200e-04,nan
-3.449999999999999734e-01,5.031640177996290486e-01,nan,3.946599826793556787e+01,7.136407642769885484e+00,6.929900619364536496e+00,9.180335716899640697e-05,nan,1.841189581977638789e-04,1.729808017122053717e-04,2.048692066560631045e-04,nan
-3.419999999999999707e-01,5.272608609878673969e-01,nan,3.326877575147391042e+01,6.281391821971667788e+00,6.214621048154647553e+00,9.447656103689082191e-05,nan,1.834189397799951141e-04,1.705597466256140407e-04,2.023575043018344371e-04,nan
-3.389999999999999680e-01,5.480133553040733574e-01,1.121861499173938542e-01,2.774420809866287740e+01,5.510057970294037766e+00,5.563080554464364447e+00,9.670316402448438271e-05,2.798559811442464379e-05,1.825388676355412865e-04,1.678154538648688702e-04,1.995810657045678433e-04,1.291211934185670485e+00
-3.359999999999999654e-01,5.658856557120525155e-01,2.771188497372586990e-01,2.281928444624019292e+01,4.814215979684040470e+00,4.969599303193118267e+00,9.856721680810745761e-05,5.875287006641076015e-05,1.814075994424436196e-04,1.646963035424762664e-04,1.965098386333557243e-04,1.242263831985361167e+00
-3.329999999999999627e-01,5.812774981096963112e-01,4.219597917306724955e-01,1.842891862819931958e+01,4.186477323009785145e+00,4.429003593434918784e+00,1.001343957477665347e-04,7.904210316675682802e-05,1.799112185412760241e-04,1.611401237303887468e-04,1.931098926332649221e-04,1.182361741390391519e+00
-3.299999999999999600e-01,5.945331399121439597e-01,5.491565119714215681e-01,1.451508901849521394e+01,3.620176601863041022e+00,3.936580756495757338e+00,1.014566944491005997e-04,9.332394179124784003e-05,1.778551543922458249e-04,1.570713741835655082e-04,1.893428168824482448e-04,1.107247631620988937e+00
-3.269999999999999574e-01,6.059490597906956877e-01,6.608583927886484410e-01,1.102607173637832361e+01,3.109300772622586972e+00,3.488038072981137105e+00,1.025757419049115691e-04,1.038449739409550966e-04,1.748773765782414764e-04,1.523973711536835501e-04,1.851650024743557016e-04,1.010289170469722775e+00
-3.239999999999999547e-01,6.157805887815777091e-01,7.589529832347615690e-01,7.915757080653422761e+00,2.648425299292743507e+00,3.079465350811516622e+00,1.035251962434737103e-04,1.118580319277846335e-04,1.702187105064100565e-04,1.470031486861675060e-04,1.805267820434829226e-04,8.808542360945261773e-01
-3.209999999999999520e-01,6.242476210774294820e-01,8.450978950696387271e-01,5.143040159082119089e+00,2.232656555180844382e+00,2.707300837937754778e+00,1.043325026776458495e-04,1.181171284138227823e-04,1.619721942002145306e-04,1.407443442162215996e-04,1.753713921124336534e-04,7.026415389485385354e-01
-3.179999999999999494e-01,6.315395322303622994e-01,9.207488132424883620e-01,2.671277659690037165e+00,1.857579861828387413e+00,2.368300172598950759e+00,1.050202055222885806e-04,1.231033625242308532e-04,1.435950761077010027e-04,1.334371607083658891e-04,1.696337135517130576e-04,4.706713336441558648e-01
-3.149999999999999467e-01,6.378194147682284543e-01,9.871840941951752768e-01,4.678035848459307089e-01,1.519212613467434636e+00,2.059508100445221590e+00,1.056069418462530796e-04,1.271382310981520637e-04,6.799093942893558022e-05,1.248438998788878470e-04,1.632387321982299285e-04,5.165466299845643539e-01
-3.119999999999999440e-01,6.432277259588462526e-01,1.045526367651491872e+00,nan,1.213961989272559716e+00,1.778232711967983271e+00,1.061082041121043964e-04,1.304447954861948599e-04,nan,1.146516048490831290e-04,1.560996436708515203e-04,nan
-3.089999999999999969e-01,6.478854293088993632e-01,1.096761506921467122e+00,nan,9.385868043924341375e-01,1.522021975651366210e+00,1.065369326659302158e-04,1.331827055281025742e-04,nan,1.024396522572352695e-04,1.481155018699801314e-04,nan
-3.059999999999999942e-01,6.518967000609838802e-01,1.141755288282742420e+00,nan,6.901630946909319553e-01,1.288642362271371411e+00,1.069039811623706456e-04,1.354692501232559966e-04,nan,8.762899302079845180e-05,1.391682768010651212e-04,nan
-3.029999999999999916e-01,6.553512552005561487e-01,1.181268020950805520e+00,nan,4.660530697729685090e-01,1.076059373999138646e+00,1.072184858768875272e-04,1.373925335990320814e-04,nan,6.939965433130352690e-05,1.291191401383751287e-04,nan
-2.999999999999999889e-01,6.583263600862444553e-01,1.215967394856748873e+00,nan,2.638771046346086169e-01,8.824198085697813054e-01,1.074881614468663042e-04,1.390200132744479815e-04,nan,4.655065614949913425e-05,1.178037302031974514e-04,nan
-2.969999999999999862e-01,6.608885565842693710e-01,1.246439763335504214e+00,nan,8.148847254191222966e-02,7.060356039039228371e-01,1.077195396690992882e-04,1.404041986642239938e-04,nan,1.724927382662995353e-05,1.050260523762731798e-04,nan
-2.939999999999999836e-01,6.630951513588170254e-01,1.273200051380509512e+00,nan,nan,5.453691223465740867e-01,1.079181637668696729e-04,1.415865561589862108e-04,nan,nan,9.055053177953368919e-05,nan
-2.909999999999999809e-01,6.649954976058025657e-01,1.296700456895436115e+00,nan,nan,3.990197462380977167e-01,1.080887474991553462e-04,1.426002462302617085e-04,nan,nan,7.409152916563635060e-05,nan
-2.879999999999999782e-01,6.666320988975699136e-01,1.317338091977558134e+00,nan,nan,2.657116679634394241e-01,1.082353062647525821e-04,1.434720817205708599e-04,nan,nan,5.529932082024427903e-05,nan
-2.849999999999999756e-01,6.680415598273681255e-01,1.335461693355910695e+00,nan,nan,1.442827680388455991e-01,1.083612657156883590e-04,1.442239546867370994e-04,nan,nan,3.374106678355068224e-05,nan
-2.819999999999999729e-01,6.692554047159311459e-01,1.351377515377849781e+00,nan,nan,3.367448428023985668e-02,1.084695521721229066e-04,1.448738932938266929e-04,nan,nan,8.874543391043211249e-06,nan
-2.789999999999999702e-01,6.703007826915388101e-01,1.365354505124264595e+00,nan,nan,nan,1.085626682100708886e-04,1.454368564779500122e-04,nan,nan,nan,nan
-2.759999999999999676e-01,6.712010749135368659e-01,1.377628847103048226e+00,nan,nan,nan,1.086427560926881412e-04,1.459253396520492530e-04,nan,nan,nan,nan
-2.729999999999999649e-01,6.719764175206157653e-01,1.388407954317468773e+00,nan,nan,nan,1.087116511779243365e-04,1.463498421943482683e-04,nan,nan,nan,nan
-2.699999999999999623e-01,6.726441520002242047e-01,1.397873973150912663e+00,nan,nan,nan,1.087709270185836449e-04,1.467192324296501954e-04,nan,nan,nan,nan
-2.669999999999999596e-01,6.732192130521864604e-01,1.406186861293873047e+00,nan,nan,nan,1.088219335451887782e-04,1.470410356123324634e-04,nan,nan,nan,nan
-2.639999999999999569e-01,6.737144626215634258e-01,1.413487090724280471e+00,nan,nan,nan,1.088658294655011759e-04,1.473216633837969047e-04,nan,nan,nan,nan
-2.609999999999999543e-01,6.741409775718121278e-01,1.419898021416407863e+00,nan,nan,nan,1.089036098108593853e-04,1.475665982522566698e-04,nan,nan,nan,nan
-2.579999999999999516e-01,6.745082974324120295e-01,1.425527985889496030e+00,nan,nan,nan,1.089361293965637512e-04,1.477805431485436632e-04,nan,nan,nan,nan
-2.549999999999999489e-01,6.748246377621295311e-01,1.430472119821016630e+00,nan,nan,nan,1.089641228322864655e-04,1.479675436011911483e-04,nan,nan,nan,nan
-2.519999999999999463e-01,6.750970739000566878e-01,1.434813969658433441e+00,nan,nan,nan,1.089882216120597518e-04,1.481310882492761815e-04,nan,nan,nan,nan
-2.489999999999999436e-01,6.753316992142388564e-01,1.438626904395057027e+00,nan,nan,nan,1.090089687265604322e-04,1.482741920706161091e-04,nan,nan,nan,nan
-2.459999999999999964e-01,6.755337613873187985e-01,1.441975355366297507e+00,nan,nan,nan,1.090268311691595498e-04,1.483994657074966142e-04,nan,nan,nan,nan
-2.429999999999999938e-01,6.757077797873881631e-01,1.444915905016530111e+00,nan,nan,nan,1.090422106484277142e-04,1.485091735260346167e-04,nan,nan,nan,nan
-2.399999999999999911e-01,6.758576465491924479e-01,1.447498243034640364e+00,nan,nan,nan,1.090554527710683373e-04,1.486052824809752746e-04,nan,nan,nan,nan
-2.369999999999999885e-01,6.759867136264938736e-01,1.449766006015138275e+00,nan,nan,nan,1.090668549186885923e-04,1.486895034272181244e-04,nan,nan,nan,nan
-2.339999999999999858e-01,6.760978677626249267e-01,1.451757514833495799e+00,nan,nan,nan,1.090766730079146131e-04,1.487633261882035079e-04,nan,nan,nan,nan
-2.309999999999999831e-01,6.761935950560391539e-01,1.453506422195965930e+00,nan,nan,nan,1.090851272949150500e-04,1.488280494345367241e-04,nan,nan,nan,nan
-2.279999999999999805e-01,6.762760365649505001e-01,1.455042281306223817e+00,nan,nan,nan,1.090924073614614356e-04,1.488848062256391529e-04,nan,nan,nan,nan
-2.249999999999999778e-01,6.763470361947224729e-01,1.456391045258229822e+00,nan,nan,nan,1.090986763994529458e-04,1.489345859093563586e-04,nan,nan,nan,nan
-2.219999999999999751e-01,6.764081819390725947e-01,1.457575505594084442e+00,nan,nan,nan,1.091040748937390284e-04,1.489782529493413187e-04,nan,nan,nan,nan
-2.189999999999999725e-01,6.764608413974957379e-01,1.458615677437689051e+00,nan,nan,nan,1.091087237885775339e-04,1.490165631501910010e-04,nan,nan,nan,nan
-2.159999999999999698e-01,6.765061923633047813e-01,1.459529137712220814e+00,nan,nan,nan,1.091127272107484281e-04,1.490501776701138280e-04,nan,nan,nan,nan
-2.129999999999999671e-01,6.765452491664190049e-01,1.460331322156656508e+00,nan,nan,nan,1.091161748118571457e-04,1.490796751460724716e-04,nan,nan,nan,nan
-2.099999999999999645e-01,6.765788853600975816e-01,1.461035786160367111e+00,nan,nan,nan,1.091191437834241961e-04,1.491055622036097192e-04,nan,nan,nan,nan
-2.069999999999999618e-01,6.766078532590265038e-01,1.461654433823381449e+00,nan,nan,nan,1.091217005907243646e-04,1.491282825804168290e-04,nan,nan,nan,nan
-2.039999999999999591e-01,6.766328007657606003e-01,1.462197719113006222e+00,nan,nan,nan,1.091239024648191344e-04,1.491482250572013254e-04,nan,nan,nan,nan
-2.009999999999999565e-01,6.766542858618567191e-01,1.462674822515962481e+00,nan,nan,nan,1.091257986866446761e-04,1.491657303600416637e-04,nan,nan,nan,nan
-1.979999999999999538e-01,6.766727890878151408e-01,1.463093806171128941e+00,nan,nan,nan,1.091274316922398983e-04,1.491810971739940782e-04,nan,nan,nan,nan
-1.949999999999999512e-01,6.766887242909566114e-01,1.463461750104334769e+00,nan,nan,nan,1.091288380241053262e-04,1.491945873873162581e-04,nan,nan,nan,nan
-1.919999999999999485e-01,6.767024478816253685e-01,1.463784871867310544e+00,nan,nan,nan,1.091300491501702826e-04,1.492064306685467851e-04,nan,nan,nan,nan
-1.889999999999999458e-01,6.767142668047421150e-01,1.464068631602473136e+00,nan,nan,nan,1.091310921688353039e-04,1.492168284642489743e-04,nan,nan,nan,nan
-1.859999999999999432e-01,6.767244454050043156e-01,1.464317824308934979e+00,nan,nan,nan,1.091319904159683774e-04,1.492259574930122131e-04,nan,nan,nan,nan
-1.829999999999999960e-01,6.767332113392794390e-01,1.464536660868852147e+00,nan,nan,nan,1.091327639875129806e-04,1.492339728009372971e-04,nan,nan,nan,nan
-1.799999999999999933e-01,6.767407606684279209e-01,1.464728839203319755e+00,nan,nan,nan,1.091334301894577598e-04,1.492410104349898030e-04,nan,nan,nan,nan
-1.769999999999999907e-01,6.767472622424466344e-01,1.464897606760191762e+00,nan,nan,nan,1.091340039252760544e-04,1.492471897830555388e-04,nan,nan,nan,nan
-1.739999999999999880e-01,6.767528614770054185e-01,1.465045815389764527e+00,nan,nan,nan,1.091344980295350542e-04,1.492526156230547041e-04,nan,nan,nan,nan
-1.709999999999999853e-01,6.767576836058458722e-01,1.465175969535619682e+00,nan,nan,nan,1.091349235551598954e-04,1.492573799179081658e-04,nan,nan,nan,nan
-1.679999999999999827e-01,6.767618364817877818e-01,1.465290268554946040e+00,nan,nan,nan,1.091352900207972994e-04,1.492615633883559662e-04,nan,nan,nan,nan
-1.649999999999999800e-01,6.767654129889908443e-01,1.465390643883490940e+00,nan,nan,nan,1.091356056238232310e-04,1.492652368914899462e-04,nan,nan,nan,nan
-1.619999999999999774e-01,6.767684931204205334e-01,1.465478791673144432e+00,nan,nan,nan,1.091358774237708107e-04,1.492684626292856912e-04,nan,nan,nan,nan
-1.589999999999999747e-01,6.767711457669903785e-01,1.465556201453676710e+00,nan,nan,nan,1.091361115002865767e-04,1.492712952083166146e-04,nan,nan,nan,nan
-1.559999999999999720e-01,6.767734302583914285e-01,1.465624181302953133e+00,nan,nan,nan,1.091363130891553028e-04,1.492737825691466970e-04,nan,nan,nan,nan
-1.529999999999999694e-01,6.767753976900729995e-01,1.465683879950961055e+00,nan,nan,nan,1.091364866994383128e-04,1.492759668015569263e-04,nan,nan,nan,nan
-1.499999999999999667e-01,6.767770920660556300e-01,1.465736306191157023e+00,nan,nan,nan,1.091366362143495475e-04,1.492778848597329719e-04,nan,nan,nan,nan
-1.469999999999999640e-01,6.767785512831340222e-01,1.465782345927155728e+00,nan,nan,nan,1.091367649781268168e-04,1.492795691897650279e-04,nan,nan,nan,nan
-1.439999999999999614e-01,6.767798079784863585e-01,1.465822777142814948e+00,nan,nan,nan,1.091368758708437280e-04,1.492810482802734654e-04,nan,nan,nan,nan
-1.409999999999999587e-01,6.767808902596440523e-01,1.465858283048678379e+00,nan,nan,nan,1.091369713728363133e-04,1.492823471456223184e-04,nan,nan,nan,nan
-1.379999999999999560e-01,6.767818223331509842e-01,1.465889463626934841e+00,nan,nan,nan,1.091370536201863165e-04,1.492834877500106552e-04,nan,nan,nan,nan
-1.349999999999999534e-01,6.767826250459736404e-01,1.465916845769974941e+00,nan,nan,nan,1.091371244525030538e-04,1.492844893797019531e-04,nan,nan,nan,nan
-1.319999999999999507e-01,6.767833163517675832e-01,1.465940892183867028e+00,nan,nan,nan,1.091371854540725179e-04,1.492853689697551172e-04,nan,nan,nan,nan
-1.289999999999999480e-01,6.767839117124342385e-01,1.465962009207209871e+00,nan,nan,nan,1.091372379892951636e-04,1.492861413908350143e-04,nan,nan,nan,nan
-1.259999999999999454e-01,6.767844244439441548e-01,1.465980553677481479e+00,nan,nan,nan,1.091372832332045448e-04,1.492868197009918909e-04,nan,nan,nan,nan
-1.229999999999999427e-01,6.767848660141658756e-01,1.465996838960911930e+00,nan,nan,nan,1.091373221977502461e-04,1.492874153666979686e-04,nan,nan,nan,nan
-1.199999999999999956e-01,6.767852462993588780e-01,1.466011140247776012e+00,nan,nan,nan,1.091373557544325271e-04,1.492879384569025566e-04,nan,nan,nan,nan
-1.169999999999999929e-01,6.767855738050666536e-01,1.466023699202585906e+00,nan,nan,nan,1.091373846537953697e-04,1.492883978134045843e-04,nan,nan,nan,nan
-1.139999999999999902e-01,6.767858558563565330e-01,1.466034728047758806e+00,nan,nan,nan,1.091374095422142373e-04,1.492888012004365595e-04,nan,nan,nan,nan
-1.109999999999999876e-01,6.767860987616506341e-01,1.466044413149774517e+00,nan,nan,nan,1.091374309763533282e-04,1.492891554359998866e-04,nan,nan,nan,nan
-1.079999999999999849e-01,6.767863079538236626e-01,1.466052918168412766e+00,nan,nan,nan,1.091374494356166751e-04,1.492894665071799317e-04,nan,nan,nan,nan
-1.049999999999999822e-01,6.767864881117148235e-01,1.466060386822289452e+00,nan,nan,nan,1.091374653328705524e-04,1.492897396713965201e-04,nan,nan,nan,nan
-1.019999999999999796e-01,6.767866432647764441e-01,1.466066945317431980e+00,nan,nan,nan,1.091374790236783173e-04,1.492899795453058842e-04,nan,nan,nan,nan
-9.899999999999997691e-02,6.767867768831964392e-01,1.466072704479918221e+00,nan,nan,nan,1.091374908142529239e-04,1.492901901828609982e-04,nan,nan,nan,nan
-9.599999999999997424e-02,6.767868919555147800e-01,1.466077761628625131e+00,nan,nan,nan,1.091375009683059780e-04,1.492903751438524537e-04,nan,nan,nan,nan
-9.299999999999997158e-02,6.767869910554645818e-01,1.466082202219735287e+00,nan,nan,nan,1.091375097129460676e-04,1.492905375540903000e-04,nan,nan,nan,nan
-8.999999999999996891e-02,6.767870763995379457e-01,1.466086101290781318e+00,nan,nan,nan,1.091375172437582909e-04,1.492906801582463499e-04,nan,nan,nan,nan
-8.699999999999996625e-02,6.767871498965594146e-01,1.466089524728637628e+00,nan,nan,nan,1.091375237291788492e-04,1.492908053662505793e-04,nan,nan,nan,nan
-8.399999999999996358e-02,6.767872131903800437e-01,1.466092530382885339e+00,nan,nan,nan,1.091375293142624330e-04,1.492909152940272047e-04,nan,nan,nan,nan
-8.099999999999996092e-02,6.767872676966437684e-01,1.466095169043356350e+00,nan,nan,nan,1.091375341239265068e-04,1.492910117992601545e-04,nan,nan,nan,nan
-7.799999999999995826e-02,6.767873146344498547e-01,1.466097485298387237e+00,nan,nan,nan,1.091375382657452307e-04,1.492910965127917271e-04,nan,nan,nan,nan
-7.499999999999995559e-02,6.767873550536197547e-01,1.466099518288276338e+00,nan,nan,nan,1.091375418323555895e-04,1.492911708661869940e-04,nan,nan,nan,nan
-7.199999999999995293e-02,6.767873898581778791e-01,1.466101302366682679e+00,nan,nan,nan,1.091375449035292760e-04,1.492912361159288558e-04,nan,nan,nan,nan
-6.899999999999995026e-02,6.767874198265709795e-01,1.466102867681131849e+00,nan,nan,nan,1.091375475479569487e-04,1.492912933646539577e-04,nan,nan,nan,nan
-6.599999999999994760e-02,6.767874456290785545e-01,1.466104240682457815e+00,nan,nan,nan,1.091375498247844518e-04,1.492913435797878479e-04,nan,nan,nan,nan
-6.299999999999994493e-02,6.767874678428053015e-01,1.466105444571768501e+00,nan,nan,nan,1.091375517849359347e-04,1.492913876098943943e-04,nan,nan,nan,nan
-5.999999999999994227e-02,6.767874869645889024e-01,1.466106499692499510e+00,nan,nan,nan,1.091375534722525622e-04,1.492914261990171498e-04,nan,nan,nan,nan
-5.699999999999993960e-02,6.767875034221109143e-01,1.466107423874182025e+00,nan,nan,nan,1.091375549244732708e-04,1.492914599992530077e-04,nan,nan,nan,nan
-5.399999999999993694e-02,6.767875175834642265e-01,1.466108232733727590e+00,nan,nan,nan,1.091375561740787924e-04,1.492914895817725471e-04,nan,nan,nan,nan
-5.099999999999993427e-02,6.767875297653850319e-01,1.466108939939320566e+00,nan,nan,nan,1.091375572490180701e-04,1.492915154464724689e-04,nan,nan,nan,nan
-4.799999999999993161e-02,6.767875402403366047e-01,1.466109557441389599e+00,nan,nan,nan,1.091375581733334497e-04,1.492915380304234271e-04,nan,nan,nan,nan
-4.499999999999992895e-02,6.767875492426040918e-01,1.466110095674544089e+00,nan,nan,nan,1.091375589676984033e-04,1.492915577152563466e-04,nan,nan,nan,nan
-4.199999999999992628e-02,6.767875569735343211e-01,1.466110563733898253e+00,nan,nan,nan,1.091375596498798874e-04,1.492915748336112302e-04,nan,nan,nan,nan
-3.899999999999992362e-02,6.767875636060391997e-01,1.466110969528765517e+00,nan,nan,nan,1.091375602351356760e-04,1.492915896747585842e-04,nan,nan,nan,nan
-3.599999999999992095e-02,6.767875692884626204e-01,1.466111319916304945e+00,nan,nan,nan,1.091375607365557756e-04,1.492916024894879780e-04,nan,nan,nan,nan
-3.299999999999991829e-02,6.767875741478991403e-01,1.466111620817400985e+00,nan,nan,nan,1.091375611653550378e-04,1.492916134943457018e-04,nan,nan,nan,nan
-2.999999999999991562e-02,6.767875782930357076e-01,1.466111877316707890e+00,nan,nan,nan,1.091375615311240984e-04,1.492916228752942209e-04,nan,nan,nan,nan
-2.699999999999991296e-02,6.767875818165837165e-01,1.466112093748576539e+00,nan,nan,nan,1.091375618420438725e-04,1.492916307908548161e-04,nan,nan,nan,nan
-2.399999999999991029e-02,6.767875847973511272e-01,1.466112273770293850e+00,nan,nan,nan,1.091375621050683786e-04,1.492916373747861058e-04,nan,nan,nan,nan
-2.100000000000001865e-02,6.767875873020071653e-01,1.466112420423886231e+00,nan,nan,nan,1.091375623260805385e-04,1.492916427383447699e-04,nan,nan,nan,nan
-1.800000000000001599e-02,6.767875893865709092e-01,1.466112536187520021e+00,nan,nan,nan,1.091375625100235685e-04,1.492916469721652039e-04,nan,nan,nan,nan
-1.500000000000001332e-02,6.767875910976665077e-01,1.466112623017383099e+00,nan,nan,nan,1.091375626610115824e-04,1.492916501477911987e-04,nan,nan,nan,nan
-1.200000000000001066e-02,6.767875924735645699e-01,1.466112682380735999e+00,nan,nan,nan,1.091375627824215310e-04,1.492916523188852595e-04,nan,nan,nan,nan
-9.000000000000007994e-03,6.767875935450388125e-01,1.466112715280709411e+00,nan,nan,nan,1.091375628769689884e-04,1.492916535221349447e-04,nan,nan,nan,nan
-6.000000000000005329e-03,6.767875943360541768e-01,1.466112722273254843e+00,nan,nan,nan,1.091375629467686368e-04,1.492916537778730566e-04,nan,nan,nan,nan
-3.000000000000002665e-03,6.767875948643023998e-01,1.466112703476537105e+00,nan,nan,nan,1.091375629933815646e-04,1.492916530904213064e-04,nan,nan,nan,nan
0.000000000000000000e+00,6.767875951415989189e-01,1.466112658572934269e+00,nan,nan,nan,1.091375630178503136e-04,1.492916514481632808e-04,nan,nan,nan,nan
3.000000000000002665e-03,6.767875951741449958e-01,1.466112586803668627e+00,nan,nan,nan,1.091375630207222296e-04,1.492916488233481207e-04,nan,nan,nan,nan
6.000000000000005329e-03,6.767875949626693810e-01,1.466112486955988059e+00,nan,nan,nan,1.091375630020614839e-04,1.492916451716216572e-04,nan,nan,nan,nan
9.000000000000007994e-03,6.767875945024417472e-01,1.466112357342669092e+00,nan,nan,nan,1.091375629614507807e-04,1.492916404312768760e-04,nan,nan,nan,nan
1.200000000000001066e-02,6.767875937831685507e-01,1.466112195773513482e+00,nan,nan,nan,1.091375628979816939e-04,1.492916345222112401e-04,nan,nan,nan,nan
1.500000000000001332e-02,6.767875927887624377e-01,1.466111999518331821e+00,nan,nan,nan,1.091375628102347726e-04,1.492916273445731988e-04,nan,nan,nan,nan
1.800000000000001599e-02,6.767875914969824214e-01,1.466111765260817101e+00,nan,nan,nan,1.091375626962473941e-04,1.492916187770747087e-04,nan,nan,nan,nan
2.100000000000001865e-02,6.767875898789360578e-01,1.466111489042501548e+00,nan,nan,nan,1.091375625534701381e-04,1.492916086749418740e-04,nan,nan,nan,nan
2.400000000000002132e-02,6.767875878984336291e-01,1.466111166195873006e+00,nan,nan,nan,1.091375623787095551e-04,1.492915968674685535e-04,nan,nan,nan,nan
2.700000000000002398e-02,6.767875855111792349e-01,1.466110791265504476e+00,nan,nan,nan,1.091375621680569605e-04,1.492915831551318946e-04,nan,nan,nan,nan
3.000000000000002665e-02,6.767875826637786973e-01,1.466110357915872076e+00,nan,nan,nan,1.091375619168008049e-04,1.492915673062205728e-04,nan,nan,nan,nan
3.300000000000002931e-02,6.767875792925462930e-01,1.466109858824303558e+00,nan,nan,nan,1.091375616193214650e-04,1.492915490529196838e-04,nan,nan,nan,nan
3.600000000000003197e-02,6.767875753220807811e-01,1.466109285557245512e+00,nan,nan,nan,1.091375612689654632e-04,1.492915280867851207e-04,nan,nan,nan,nan
3.900000000000003464e-02,6.767875706635774202e-01,1.466108628427763350e+00,nan,nan,nan,1.091375608578966198e-04,1.492915040535315162e-04,nan,nan,nan,nan
4.200000000000003730e-02,6.767875652128434449e-01,1.466107876331861348e+00,nan,nan,nan,1.091375603769209276e-04,1.492914765470458745e-04,nan,nan,nan,nan
4.500000000000003997e-02,6.767875588479662641e-01,1.466107016560865839e+00,nan,nan,nan,1.091375598152807429e-04,1.492914451025250863e-04,nan,nan,nan,nan
4.800000000000004263e-02,6.767875514265878634e-01,1.466106034586690976e+00,nan,nan,nan,1.091375591604142959e-04,1.492914091886220500e-04,nan,nan,nan,nan
5.100000000000004530e-02,6.767875427827199086e-01,1.466104913816370869e+00,nan,nan,nan,1.091375583976747743e-04,1.492913681984670677e-04,nan,nan,nan,nan
5.400000000000004796e-02,6.767875327230317151e-01,1.466103635311704956e+00,nan,nan,nan,1.091375575100024737e-04,1.492913214394135971e-04,nan,nan,nan,nan
5.700000000000005063e-02,6.767875210225265947e-01,1.466102177469286616e+00,nan,nan,nan,1.091375564775435111e-04,1.492912681213342618e-04,nan,nan,nan,nan
6.000000000000005329e-02,6.767875074195082163e-01,1.466100515655504921e+00,nan,nan,nan,1.091375552772058032e-04,1.492912073432702566e-04,nan,nan,nan,nan
6.300000000000005596e-02,6.767874916097288418e-01,1.466098621790362877e+00,nan,nan,nan,1.091375538821422680e-04,1.492911380782075770e-04,nan,nan,nan,nan
6.600000000000005862e-02,6.767874732395835480e-01,1.466096463873080902e+00,nan,nan,nan,1.091375522611505970e-04,1.492910591557240383e-04,nan,nan,nan,nan
6.900000000000006128e-02,6.767874518982024412e-01,1.466094005441472392e+00,nan,nan,nan,1.091375503779753949e-04,1.492909692422128315e-04,nan,nan,nan,nan
7.200000000000006395e-02,6.767874271082591209e-01,1.466091204955976224e+00,nan,nan,nan,1.091375481904971690e-04,1.492908668183496310e-04,nan,nan,nan,nan
7.500000000000006661e-02,6.767873983152977724e-01,1.466088015097936292e+00,nan,nan,nan,1.091375456497902663e-04,1.492907501534215331e-04,nan,nan,nan,nan
7.800000000000006928e-02,6.767873648753295335e-01,1.466084381970292005e+00,nan,nan,nan,1.091375426990287507e-04,1.492906172760852560e-04,nan,nan,nan,nan
8.100000000000007194e-02,6.767873260404296820e-01,1.466080244187192960e+00,nan,nan,nan,1.091375392722153387e-04,1.492904659410599884e-04,nan,nan,nan,nan
8.400000000000007461e-02,6.767872809420103497e-01,1.466075531837174095e+00,nan,nan,nan,1.091375352927052172e-04,1.492902935911926733e-04,nan,nan,nan,nan
8.700000000000007727e-02,6.767872285713927294e-01,1.466070165302410411e+00,nan,nan,nan,1.091375306714918931e-04,1.492900973142553974e-04,nan,nan,nan,nan
9.000000000000007994e-02,6.767871677572475653e-01,1.466064053914135856e+00,nan,nan,nan,1.091375253052164488e-04,1.492898737937446761e-04,nan,nan,nan,nan
9.300000000000008260e-02,6.767870971393968871e-01,1.466057094421560070e+00,nan,nan,nan,1.091375190738557522e-04,1.492896192528527042e-04,nan,nan,nan,nan
9.600000000000008527e-02,6.767870151383927890e-01,1.466049169248489825e+00,nan,nan,nan,1.091375118380381892e-04,1.492893293906644430e-04,nan,nan,nan,nan
9.900000000000008793e-02,6.767869199201911323e-01,1.466040144508278242e+00,nan,nan,nan,1.091375034359262430e-04,1.492889993095034712e-04,nan,nan,nan,nan
1.020000000000000906e-01,6.767868093551321351e-01,1.466029867743676496e+00,nan,nan,nan,1.091374936795969265e-04,1.492886234322005285e-04,nan,nan,nan,nan
1.049999999999999822e-01,6.767866809703096953e-01,1.466018165353564440e+00,nan,nan,nan,1.091374823508388180e-04,1.492881954078890321e-04,nan,nan,nan,nan
1.079999999999999849e-01,6.767865318942616337e-01,1.466004839663267001e+00,nan,nan,nan,1.091374691962714439e-04,1.492877080047379896e-04,nan,nan,nan,nan
1.109999999999999876e-01,6.767863587927495095e-01,1.465989665589205293e+00,nan,nan,nan,1.091374539216781540e-04,1.492871529878132906e-04,nan,nan,nan,nan
1.139999999999999902e-01,6.767861577941856055e-01,1.465972386841878361e+00,nan,nan,nan,1.091374361854259356e-04,1.492865209800077985e-04,nan,nan,nan,nan
1.169999999999999929e-01,6.767859244030451915e-01,1.465952711603433878e+00,nan,nan,nan,1.091374155908244177e-04,1.492858013036964151e-04,nan,nan,nan,nan
1.199999999999999956e-01,6.767856533993225066e-01,1.465930307607359762e+00,nan,nan,nan,1.091373916772535600e-04,1.492849818004470832e-04,nan,nan,nan,nan
1.229999999999999982e-01,6.767853387217850347e-01,1.465904796537895960e+00,nan,nan,nan,1.091373639098618348e-04,1.492840486257515805e-04,nan,nan,nan,nan
1.260000000000000009e-01,6.767849733324173833e-01,1.465875747655474459e+00,nan,nan,nan,1.091373316676039126e-04,1.492829860153196161e-04,nan,nan,nan,nan
1.290000000000000036e-01,6.767845490590170821e-01,1.465842670541706250e+00,nan,nan,nan,1.091372942293507856e-04,1.492817760190035014e-04,nan,nan,nan,nan
1.320000000000000062e-01,6.767840564124308900e-01,1.465805006842929359e+00,nan,nan,nan,1.091372507577617319e-04,1.492803981978782697e-04,nan,nan,nan,nan
1.350000000000000089e-01,6.767834843743394391e-01,1.465762120874876562e+00,nan,nan,nan,1.091372002805570947e-04,1.492788292793859951e-04,nan,nan,nan,nan
1.380000000000000115e-01,6.767828201508480079e-01,1.465713288932390501e+00,nan,nan,nan,1.091371416687734552e-04,1.492770427647516880e-04,nan,nan,nan,nan
1.410000000000000142e-01,6.767820488863753869e-01,1.465657687127036812e+00,nan,nan,nan,1.091370736115150722e-04,1.492750084820841856e-04,nan,nan,nan,nan
1.440000000000000169e-01,6.767811533314432859e-01,1.465594377551619809e+00,nan,nan,nan,1.091369945866363633e-04,1.492726920776682486e-04,nan,nan,nan,nan
1.470000000000000195e-01,6.767801134569425558e-01,1.465522292543673055e+00,nan,nan,nan,1.091369028267010063e-04,1.492700544369308870e-04,nan,nan,nan,nan
1.500000000000000222e-01,6.767789060062544548e-01,1.465440216789602124e+00,nan,nan,nan,1.091367962794555062e-04,1.492670510253955710e-04,nan,nan,nan,nan
1.530000000000000249e-01,6.767775039752176314e-01,1.465346766976926229e+00,nan,nan,nan,1.091366725619345235e-04,1.492636311386189984e-04,nan,nan,nan,nan
1.560000000000000275e-01,6.767758760083231184e-01,1.465240368663529136e+00,nan,nan,nan,1.091365289071712135e-04,1.492597370486035480e-04,nan,nan,nan,nan
1.590000000000000302e-01,6.767739856976460189e-01,1.465119229989574334e+00,nan,nan,nan,1.091363621023221461e-04,1.492553030324803953e-04,nan,nan,nan,nan
1.620000000000000329e-01,6.767717907688585166e-01,1.464981311809266051e+00,nan,nan,nan,1.091361684168236525e-04,1.492502542673310357e-04,nan,nan,nan,nan
1.650000000000000355e-01,6.767692421361417576e-01,1.464824293765429886e+00,nan,nan,nan,1.091359435189738112e-04,1.492445055728409530e-04,nan,nan,nan,nan
1.680000000000000382e-01,6.767662828049025858e-01,1.464645535769514950e+00,nan,nan,nan,1.091356823790767783e-04,1.492379599810112227e-04,nan,nan,nan,nan
1.710000000000000409e-01,6.767628465978026142e-01,1.464442034282506855e+00,nan,nan,nan,1.091353791569852591e-04,1.492305071093763611e-04,nan,nan,nan,nan
1.740000000000000435e-01,6.767588566756751467e-01,1.464210372718056430e+00,nan,nan,nan,1.091350270715292134e-04,1.492220213110357155e-04,nan,nan,nan,nan
1.770000000000000462e-01,6.767542238203463345e-01,1.463946665207414677e+00,nan,nan,nan,1.091346182489158370e-04,1.492123595712710807e-04,nan,nan,nan,nan
1.800000000000000488e-01,6.767488444410797443e-01,1.463646492876390148e+00,nan,nan,nan,1.091341435467146648e-04,1.492013591165460267e-04,nan,nan,nan,nan
1.830000000000000515e-01,6.767425982602273127e-01,1.463304831687398222e+00,nan,nan,nan,1.091335923495010877e-04,1.491888346972180775e-04,nan,nan,nan,nan
1.860000000000000542e-01,6.767353456265594591e-01,1.462915970795092502e+00,nan,nan,nan,1.091329523315976260e-04,1.491745755002912670e-04,nan,nan,nan,nan
1.890000000000000568e-01,6.767269243964946224e-01,1.462473420252667466e+00,nan,nan,nan,1.091322091816221494e-04,1.491583416429492390e-04,nan,nan,nan,nan
1.920000000000000595e-01,6.767171463138939025e-01,1.461969806788981252e+00,nan,nan,nan,1.091313462827021478e-04,1.491398601913798867e-04,nan,nan,nan,nan
1.950000000000000622e-01,6.767057928080256746e-01,1.461396756256177154e+00,nan,nan,nan,1.091303443412308563e-04,1.491188206424880777e-04,nan,nan,nan,nan
1.980000000000000648e-01,6.766926101164790763e-01,1.460744761226502320e+00,nan,nan,nan,1.091291809558981522e-04,1.490948697984510708e-04,nan,nan,nan,nan
2.010000000000000675e-01,6.766773036249800199e-01,1.460003032099985942e+00,nan,nan,nan,1.091278301174078782e-04,1.490676059556587929e-04,nan,nan,nan,nan
2.040000000000000702e-01,6.766595312989108768e-01,1.459159329977711916e+00,nan,nan,nan,1.091262616277590065e-04,1.490365723203876836e-04,nan,nan,nan,nan
2.070000000000000728e-01,6.766388960614965198e-01,1.458199779467177049e+00,nan,nan,nan,1.091244404261935833e-04,1.490012495535736662e-04,nan,nan,nan,nan
2.100000000000000755e-01,6.766149369507247213e-01,1.457108659528103312e+00,nan,nan,nan,1.091223258068570959e-04,1.489610473363151238e-04,nan,nan,nan,nan
2.130000000000000782e-01,6.765871188606230602e-01,1.455868170454375887e+00,nan,nan,nan,1.091198705108396242e-04,1.489152948363179371e-04,nan,nan,nan,nan
2.160000000000000808e-01,6.765548206420488597e-01,1.454458175140525666e+00,nan,nan,nan,1.091170196725114826e-04,1.488632299435333449e-04,nan,nan,nan,nan
2.190000000000000835e-01,6.765173213030457600e-01,1.452855912925142379e+00,nan,nan,nan,1.091137095968877294e-04,1.488039871309477342e-04,nan,nan,nan,nan
2.220000000000000862e-01,6.764737840084754650e-01,1.451035684571944095e+00,nan,nan,nan,1.091098663410796602e-04,1.487365837841834093e-04,nan,nan,nan,nan
2.250000000000000888e-01,6.764232375323019353e-01,1.448968507383504578e+00,nan,nan,nan,1.091054040686503584e-04,1.486599048317383855e-04,nan,nan,nan,nan
2.280000000000000915e-01,6.763645547628381882e-01,1.446621740094687469e+00,nan,nan,nan,1.091002231408022587e-04,1.485726854969755080e-04,nan,nan,nan,nan
2.310000000000000941e-01,6.762964278005971774e-01,1.443958678126247897e+00,nan,nan,nan,1.090942079026914507e-04,1.484734919842795010e-04,nan,nan,nan,nan
2.339999999999999858e-01,6.762173391192466410e-01,1.440938121070305611e+00,nan,nan,nan,1.090872241166913859e-04,1.483606999063349246e-04,nan,nan,nan,nan
2.369999999999999885e-01,6.761255281816138663e-01,1.437513916018813065e+00,1.672329993652365943e+02,nan,nan,1.090791159869906050e-04,1.482324702588514310e-04,1.870468302394100559e-04,nan,nan,nan
2.399999999999999911e-01,6.760189528138175197e-01,1.433634482637813345e+00,7.345280537024551393e+01,nan,nan,1.090697027113949008e-04,1.480867227553729843e-04,1.858811056393924613e-04,nan,nan,nan
2.429999999999999938e-01,6.758952445405231879e-01,1.429242328849797961e+00,4.508923859900578179e+01,nan,nan,1.090587744864655997e-04,1.479211063507637216e-04,1.845906174775752487e-04,nan,nan,nan
2.459999999999999964e-01,6.757516569723350797e-01,1.424273569737047218e+00,3.146134936110729186e+01,nan,nan,1.090460878810262129e-04,1.477329668110315434e-04,1.831641624755744543e-04,nan,nan,nan
2.489999999999999991e-01,6.755850062118946564e-01,1.418657466942324197e+00,2.349540288770804253e+01,nan,nan,1.090313604804602404e-04,1.475193112336749084e-04,1.815900372979049459e-04,nan,nan,nan
2.520000000000000018e-01,6.753916021082972954e-01,1.412316011526945747e+00,1.829822300644345745e+01,nan,nan,1.090142646899511876e-04,1.472767694921393096e-04,1.798561421609355508e-04,nan,nan,nan
2.550000000000000044e-01,6.751671690404301707e-01,1.405163580020820202e+00,1.466048119895693880e+01,nan,nan,1.089944205687452014e-04,1.470015526768570359e-04,1.779501202430746275e-04,nan,nan,nan
2.580000000000000071e-01,6.749067547502142217e-01,1.397106701268323814e+00,1.198722588798089994e+01,nan,nan,1.089713875495264576e-04,1.466894087416768756e-04,1.758595376138624971e-04,nan,nan,nan
2.610000000000000098e-01,6.746046255792009783e-01,1.388043980531726840e+00,9.951654659800974301e+00,nan,nan,1.089446548770004662e-04,1.463355757476342343e-04,1.735721077703244954e-04,nan,nan,nan
2.640000000000000124e-01,6.742541462911321171e-01,1.377866236888642737e+00,8.359310727870811419e+00,nan,nan,1.089136305777656548e-04,1.459347333367120366e-04,1.710759637166139142e-04,nan,nan,nan
2.670000000000000151e-01,6.738476424960702094e-01,1.366456919745815624e+00,7.087224466406096823e+00,nan,nan,1.088776287495901880e-04,1.454809533783936427e-04,1.683599787366155489e-04,nan,nan,nan
2.700000000000000178e-01,6.733762435392578460e-01,1.353692879469965193e+00,6.053811754290131297e+00,nan,nan,1.088358549325248907e-04,1.449676511239957814e-04,1.654141345000498362e-04,nan,nan,nan
2.730000000000000204e-01,6.728297035954264871e-01,1.339445574496427094e+00,5.202803404469785065e+00,nan,5.454712230548057761e+01,1.087873892973039206e-04,1.443875386903066343e-04,1.622299318680953649e-04,nan,2.261602082152727039e-04,nan
2.760000000000000231e-01,6.721961986387048338e-01,1.323582801147854981e+00,4.494125490601806661e+00,nan,9.148522402575288481e+00,1.087311673589335688e-04,1.437325832855634161e-04,1.588008357569321502e-04,nan,2.103710208502242932e-04,nan
2.790000000000000258e-01,6.714620969697109309e-01,1.305971030621617235e+00,3.898458907285758723e+00,1.763978643637853594e+01,4.780534225478144883e+00,1.086659578963960506e-04,1.429939732938649956e-04,1.551227408148766161e-04,1.844328689780426250e-04,1.953951601376315982e-04,1.092798791344105069e+00
2.820000000000000284e-01,6.706117011158587715e-01,1.286478427588126472e+00,3.393855495467905214e+00,7.653416798814324906e+00,3.136501631941584822e+00,1.085903377346867906e-04,1.421620961480638066e-04,1.511944397417805896e-04,1.742080173199686706e-04,1.812315461974780206e-04,7.578986029294023652e-01
2.850000000000000311e-01,6.696269592330580389e-01,1.264978603710232186e+00,2.963557456045568639e+00,4.702425216402033925e+00,2.276878267740160666e+00,1.085026630254397529e-04,1.412265328335397612e-04,1.470180712476567078e-04,1.641220537386352035e-04,1.678725344105170408e-04,5.927506669414518425e-01
2.880000000000000338e-01,6.684871446986810906e-01,1.241355124330459470e+00,2.594548722498083215e+00,3.294376694013688045e+00,1.750256506088785358e+00,1.084010366506413378e-04,1.401760748459650048e-04,1.425995204742496988e-04,1.542243603903178007e-04,1.553047242508194623e-04,4.911409374274858242e-01
2.910000000000000364e-01,6.671685034896598365e-01,1.215506735362176682e+00,2.276566764857907543e+00,2.473412758610004758e+00,1.395830174211804220e+00,1.082832713752115885e-04,1.389987704204001778e-04,1.379487418599926682e-04,1.445605457865825529e-04,1.435097805284888989e-04,4.205626952765958992e-01
2.940000000000000391e-01,6.656438703031586357e-01,1.187353209205825877e+00,2.001412610742447917e+00,1.938050578192853868e+00,1.141961005073736990e+00,1.081468483950737890e-04,1.376820077692038737e-04,1.330799736235521464e-04,1.351716809826299971e-04,1.324652425387189397e-04,3.678604028539276261e-01
2.970000000000000417e-01,6.638822563456735493e-01,1.156841624725227780e+00,1.762459047538899926e+00,1.563033436820018274e+00,9.518963181650185179e-01,1.079888709764762139e-04,1.362126437837922564e-04,1.280118149110880501e-04,1.260937158900874453e-04,1.221453012541487870e-04,3.273688816795519152e-01
3.000000000000000444e-01,6.618484144642586831e-01,1.123952801647174260e+00,1.554293563146514012e+00,1.286981878566699988e+00,8.048370130728377259e-01,1.078060129712529822e-04,1.345771869944223972e-04,1.227671416308783294e-04,1.173570872733277872e-04,1.125215293300732788e-04,2.968733178079674406e-01
3.030000000000000471e-01,6.595023910235529030e-01,1.088707512874972583e+00,1.372454776868768489e+00,1.076275717207995530e+00,6.881275165570377439e-01,1.075944621362364377e-04,1.327620433175884219e-04,1.173728451801807793e-04,1.089865184798072544e-04,1.035635530657606806e-04,2.757720302229526577e-01
3.060000000000000497e-01,6.567990788679132219e-01,1.051172012000202605e+00,1.213234938749110370e+00,9.109530005950260412e-01,5.936247236140318462e-01,1.073498584019304882e-04,1.307538319833550936e-04,1.118593893010650454e-04,1.010010006544240154e-04,9.523965940540099701e-05,2.639830873116252308e-01
3.090000000000000524e-01,6.536877920774939454e-01,1.011462354037820921e+00,1.073529898964689089e+00,7.784119927792948479e-01,5.158507646531375057e-01,1.070672275490749974e-04,1.285397767310170940e-04,1.062601933431719058e-04,9.341393681644272033e-05,8.751733446416680732e-05,2.611998256944302876e-01
3.120000000000000551e-01,6.501118912334180600e-01,9.697469727729635114e-01,9.507237026523900347e-01,6.703039862955058048e-01,4.509845834347971372e-01,1.067409111898683067e-04,1.261081736080324023e-04,1.006108639801132291e-04,8.623342415779741243e-05,8.036373288257925263e-05,2.665253552804128234e-01
3.150000000000000577e-01,6.460084976778369681e-01,9.262470238524023181e-01,8.425987919788854308e-01,5.808777699276405082e-01,3.962792141287826975e-01,1.063644945459025614e-04,1.234489312903797075e-04,9.494831035073403021e-05,7.946264637683525425e-05,7.374607954632500691e-05,2.785461027922582211e-01
3.180000000000000604e-01,6.413083467651858882e-01,8.812341185174744629e-01,7.472653878397417238e-01,5.060416779505734208e-01,3.497088825232723130e-01,1.059307343032705838e-04,1.205541726972919847e-04,8.930978805100968322e-05,7.310034665532238237e-05,6.763200689288744382e-05,2.956719502678574196e-01
3.210000000000000631e-01,6.359358430649973970e-01,8.350252579848730372e-01,6.631054063147916455e-01,4.428047997076858810e-01,3.097467052800730869e-01,1.054314898436651291e-04,1.174188779795529988e-04,8.373192398599305260e-05,6.714135268899237710e-05,6.198983221684189972e-05,3.164605932252341214e-01
3.240000000000000657e-01,6.298093941994039602e-01,7.879750190829858392e-01,5.887275103444448154e-01,3.889298181131352061e-01,2.752198770892660962e-01,1.048576624315907170e-04,1.140415392399067297e-04,7.824977588744430211e-05,6.157712754677953132e-05,5.678878015050943968e-05,3.397817992003542287e-01
3.270000000000000684e-01,6.228421131968679969e-01,7.404653106071868995e-01,5.229307791044790488e-01,3.427095199474065601e-01,2.452125636409399900e-01,1.041991485032226275e-04,1.104247875314590707e-04,7.289597705726476534e-05,5.639632357201103630e-05,5.199915590824630263e-05,3.648393139023993759e-01
3.300000000000000711e-01,6.149429898515019755e-01,6.928932796590926424e-01,4.646751102518764664e-01,3.028184574302288379e-01,2.189991189622133017e-01,1.034448150491719198e-04,1.065759441325409078e-04,6.770000906781365791e-05,5.158532057903784539e-05,4.759247501197136777e-05,3.911190787667302438e-01
3.330000000000000737e-01,6.060186365751928372e-01,6.456581572658759427e-01,4.130569294531442615e-01,2.682118408403095788e-01,1.959971249166696516e-01,1.025825071671312505e-04,1.025074425021343130e-04,6.268763381796696042e-05,4.712873383064026969e-05,4.354155512835951536e-05,4.183145158131506558e-01
3.360000000000000764e-01,5.959757095733781984e-01,5.991479573408595716e-01,3.672891186186766910e-01,2.380549986851651090e-01,1.757337113182519395e-01,1.015991000718393115e-04,9.823706647536453469e-05,5.788050300355237224e-05,4.300988137970516929e-05,3.982057540271112300e-05,4.462531983505839128e-01
3.390000000000000790e-01,5.847240869333473201e-01,5.537269605346486490e-01,3.266843241236853101e-01,2.116731379717139427e-01,1.578209710643069530e-01,1.004806099859928691e-04,9.378795571850960999e-05,5.329594935047039171e-05,3.921120409079917996e-05,3.640510832049036888e-05,4.748337341939642409e-01
3.420000000000000817e-01,5.721808460595771972e-01,5.097248216012085775e-01,2.906409933165626791e-01,1.885148977894770261e-01,1.419377272265726353e-01,9.921238006844382404e-05,8.918834210657694084e-05,4.894695138705710939e-05,3.571463487962423216e-05,3.327212870584131605e-05,5.039753680616180231e-01
3.450000000000000844e-01,5.582750190983257754e-01,4.674279520872855476e-01,2.586316288629590954e-01,1.681254683947230044e-01,1.278158153910605721e-01,9.777935838410879374e-05,8.447100029881351654e-05,4.484225326388081650e-05,3.250191635337548968e-05,3.040000400959126366e-05,5.335807964467411679e-01
3.480000000000000870e-01,5.429530140347548217e-01,4.270735815430767857e-01,2.301928580554998272e-01,1.501264667111829598e-01,1.152296273651138431e-01,9.616648423705571381e-05,7.967242079267520529e-05,4.098661386384562337e-05,2.955486809503620529e-05,2.776846957240337692e-05,5.635120028806087644e-01
3.510000000000000897e-01,5.261844728194797760e-01,3.888466300979420143e-01,2.049169968150557353e-01,1.342006639147549918e-01,1.039880450914092563e-01,9.435919618309686297e-05,7.483174121634829747e-05,3.738115539767130024e-05,2.685560634467104590e-05,2.535859209035976674e-05,5.935783629934677785e-01
3.540000000000000924e-01,5.079682046343499957e-01,3.528792723608260573e-01,1.824448520039302912e-01,1.200802504284885636e-01,9.392814975569964420e-02,9.234406885198289414e-05,6.998949769341504155e-05,3.402378064383537059e-05,2.438671985287630919e-05,2.315272407336307033e-05,6.235355883830945301e-01
3.570000000000000950e-01,4.883376991130645162e-01,3.192528680886667081e-01,1.624595554555466892e-01,1.075377156022065961e-01,8.491026551033101222e-02,9.010957557268960789e-05,6.518627864979755393e-05,3.090962946087513178e-05,2.213140629166092757e-05,2.113445167992088702e-05,6.530934048637002665e-01
3.599999999999999867e-01,4.673656164458249718e-01,2.880017970698732221e-01,1.446812621826636114e-01,9.637868459617489336e-02,7.681401792909466064e-02,8.764695928256300574e-05,6.046137493916557378e-05,2.803154850291750356e-05,2.007357388596705709e-05,1.928853794016212724e-05,6.819293880185048895e-01
3.629999999999999893e-01,4.451666002014549317e-01,2.591186687621424012e-01,1.288625760705257861e-01,8.643623745763666377e-02,6.953517204768659699e-02,8.495117557124510371e-05,5.585152060209222204e-05,2.538055249938953213e-05,1.819791295140469280e-05,1.760086304466707116e-05,7.097062255782968787e-01
3.659999999999999920e-01,4.218977955111506417e-01,2.325603745601797501e-01,1.147845908744255794e-01,7.756636280904145864e-02,6.298307514667572660e-02,8.202185028168100793e-05,5.138980786764155666e-05,2.294626037133229307e-05,1.648994185959122877e-05,1.605836308023665017e-05,7.360898528768212712e-01
3.689999999999999947e-01,3.977566015306129299e-01,2.082544978225195631e-01,1.022534539417617322e-01,6.964428880187455151e-02,5.707857288576536486e-02,7.886417253352773010e-05,4.710484005234453494e-05,2.071729432601518794e-05,1.493603166085602069e-05,1.464896833398583376e-05,7.607663436692720937e-01
3.719999999999999973e-01,3.729754446076038454e-01,1.861056764697028298e-01,9.109737584413386824e-02,6.256149871069172086e-02,5.175229907265862378e-02,7.548962640898119938e-05,4.302016021889095468e-05,1.868163452290039144e-05,1.352341322347276910e-05,1.336154206211473083e-05,7.834560252171589578e-01
3.750000000000000000e-01,3.478137019550797682e-01,1.660016080840319153e-01,8.116402185829778293e-02,5.622328551684382947e-02,4.694326268914847389e-02,7.191645588791968017e-05,3.915396593950413968e-05,1.682692570749900909e-05,1.224017033714116779e-05,1.218582042674372929e-05,8.039239142113822068e-01
3.780000000000000027e-01,3.225472819985397144e-01,1.478184839280412555e-01,7.231823160882687451e-02,5.054673430429873493e-02,4.259767316823231953e-02,6.816976298083902161e-05,3.551909519526294420e-05,1.514073526113938314e-05,1.107522180494314765e-05,1.111235414036903085e-05,8.219861504504568650e-01
3.810000000000000053e-01,2.974567057730137520e-01,1.314257261508610108e-01,6.444002166941693865e-02,4.545904684938079782e-02,3.866795796713509009e-02,6.428116194355020733e-05,3.212324834295804551e-05,1.361076440676426940e-05,1.001829513314680468e-05,1.013245221973565613e-05,8.375125795414151142e-01
3.840000000000000080e-01,2.728147619661736023e-01,1.166899757999179110e-01,5.742283289452741052e-02,4.089614191952740258e-02,3.511193637310006110e-02,6.028795339117955519e-05,2.896939787925804734e-05,1.222501590240535284e-05,9.059894036078260161e-06,9.238128136213469356e-06,8.504259752680547457e-01
3.870000000000000107e-01,2.488748746898184205e-01,1.034783357537980980e-01,5.117199001607235231e-02,3.680147924810722726e-02,3.189212103848475949e-02,5.623183713289415050e-05,2.605633174073648692e-05,1.097192254236206992e-05,8.191261612578210855e-06,8.422048555199804966e-06,8.606985928556315502e-01
3.900000000000000133e-01,2.258612123019861917e-01,9.166091258962011379e-02,4.560334582503457190e-02,3.312506616067113774e-02,2.897512456398552982e-02,5.215724323843487568e-05,2.337927628868002546e-05,9.840441285239803914e-06,7.404340725995297399e-06,7.677484779952761004e-06,8.683468208869756788e-01
3.930000000000000160e-01,2.039613033304178979e-01,8.111272657934069652e-02,4.064208624994635616e-02,2.982261427996155123e-02,2.633115296591769655e-02,4.810941581040453709e-05,2.093055042072216516e-05,8.820117952358067461e-06,6.691732832935784540e-06,6.998266953106296980e-06,8.734246781573937746e-01
3.960000000000000187e-01,1.833215704771998800e-01,7.171507217136482981e-02,3.622167598984117609e-02,2.685482027489218340e-02,2.393357139225964561e-02,4.413242153639617224e-05,1.870021063514720993e-05,7.901127294483138860e-06,6.046656256657027985e-06,6.378741019698854961e-06,8.760168129172491991e-01
3.990000000000000213e-01,1.640458194379689483e-01,6.335641535671177049e-02,3.228292717551529273e-02,2.418674971184908706e-02,2.175853022692845681e-02,4.026726682052009113e-05,1.667665664247344566e-05,7.074292899116909970e-06,5.462904687215327200e-06,5.813728416873466812e-06,8.762315354234546660e-01
4.020000000000000240e-01,1.461963937475407871e-01,5.593291195058986559e-02,2.877317591351433515e-02,2.178730706098089276e-02,1.978464191716921769e-02,3.655029041046121648e-05,1.484717688523172939e-05,6.331090977310414731e-06,4.934806509534244390e-06,5.298488425733797359e-06,8.741942755223652828e-01
4.050000000000001377e-01,1.297974764159804950e-01,4.934862434410007548e-02,2.564555358765809034e-02,1.962877806271020112e-02,1.799270060621150150e-02,3.301195686931394024e-05,1.319842212275369258e-05,5.663641583987105981e-06,4.457185409253484965e-06,4.828683098642483304e-06,8.700417236102815366e-01
4.080000000000000293e-01,1.148399018317260434e-01,4.351550551803227973e-02,2.285834151420201854e-02,1.768643316306427876e-02,1.636543805177143734e-02,2.967611931424904453e-05,1.171680251187059708e-05,5.064690329779610759e-06,4.025322581184928350e-06,4.400344659212373541e-06,8.639167974610995060e-01
4.110000000000001430e-01,1.012868295820888581e-01,3.835320940933657080e-02,2.037439901849026277e-02,1.593818272584211770e-02,1.488731043619584068e-02,2.655975940204736706e-05,1.038880916395209791e-05,4.527583163378822443e-06,3.634920763096354400e-06,4.009845261238590432e-06,8.559644848002807560e-01
4.140000000000000346e-01,8.907970049915955868e-02,3.378877701316627957e-02,1.816065626368871394e-02,1.436427633549109371e-02,1.354431158408282015e-02,2.367315961776560103e-05,9.201265033484107281e-06,4.046236359141294176e-06,3.282070235187670326e-06,3.653868985893494304e-06,8.463285432969771538e-01
4.170000000000001483e-01,7.814401241480543880e-02,2.975623848380678713e-02,1.618766424903955378e-02,1.294703980123535977e-02,1.232380884282296800e-02,2.102042514214339875e-05,8.141512398921578808e-06,3.615103445151489747e-06,2.963216860074656239e-06,3.329385952842099950e-06,8.351489939560254872e-01
4.200000000000000400e-01,6.839458848560506232e-02,2.619616330300952867e-02,1.442919533341144485e-02,1.167064452546019357e-02,1.121439848546520145e-02,1.860025301452977977e-05,7.197545412741622344e-06,3.229140456350411107e-06,2.675132186703363125e-06,3.033628419858535572e-06,8.225603171596144181e-01
4.230000000000001537e-01,5.974014113490441757e-02,2.305518346519803280e-02,1.286188845227122582e-02,1.052090475785553460e-02,1.020577799072247549e-02,1.640684385684071920e-05,6.358096519133516032e-06,2.883770595993793246e-06,2.414885602022472659e-06,2.764068746459505055e-06,8.086902486569829129e-01
4.260000000000000453e-01,5.208704502694203736e-02,2.028550861105769473e-02,1.146493390136286809e-02,9.485098960525123815e-03,9.288632963109366356e-03,1.443086212263075558e-05,5.612685236327051999e-06,2.574849134288004371e-06,2.179818484390028603e-06,2.518399099553838117e-06,7.936590715505507099e-01
4.289999999999999369e-01,4.534231648931310449e-02,1.784444707032153618e-02,1.021979317395492470e-02,8.551812088785568089e-03,8.454536793922584267e-03,1.266036954236905543e-05,4.951637105167357168e-06,2.298629161700863129e-06,1.967520290804647761e-06,2.294512782745813149e-06,7.775793062094722430e-01
4.320000000000000506e-01,3.941585395965319094e-02,1.569394275262842725e-02,9.109949873621943015e-03,7.710796071825195760e-03,7.695861444363018625e-03,1.108167823525516366e-05,4.366079695821444230e-06,2.051728641508787925e-06,1.775806494618034472e-06,2.090487075410783402e-06,7.605557101794639951e-01
4.349999999999999423e-01,3.422202762250182301e-02,1.380013463296564380e-02,8.120688192142880638e-03,6.952846175802755539e-03,7.005697966143131609e-03,9.680091029718904219e-06,3.847921572376202848e-06,1.831099066700967970e-06,1.602698280121996070e-06,1.904567472724127304e-06,7.426855123882852849e-01
4.380000000000000560e-01,2.968072142859949289e-02,1.213294309159012284e-02,7.238895851530727406e-03,6.269691264479315164e-03,6.377785570914151422e-03,8.440514470336339938e-06,3.389819131039568906e-06,1.633995915593501850e-06,1.446403894238416030e-06,1.735153223263944957e-06,7.240588187552502442e-01
4.409999999999999476e-01,2.571793244961346342e-02,1.066568546878898620e-02,6.452888768310975111e-03,5.653896251160995916e-03,5.806448224593640205e-03,7.347943691108648678e-06,2.985135308722415112e-06,1.457951013891622374e-06,1.305301552582943043e-06,1.580784066458525805e-06,7.047591387243558048e-01
4.440000000000000613e-01,2.226602575192394504e-02,9.374721774451101261e-03,5.752255013627350505e-03,5.098775270255544341e-03,5.286537881664559076e-03,6.387827699065708432e-06,2.627893336661215769e-06,1.300746844385041045e-06,1.177923796687444430e-06,1.440128077879874828e-06,6.848639936964585617e-01
4.469999999999999529e-01,1.926373145946913557e-02,8.239130456515883147e-03,5.127715920286011163e-03,4.598314294902589375e-03,4.813383592210894110e-03,5.546329150317671046e-06,2.312728002030871852e-06,1.160392795360764201e-06,1.062943200553495190e-06,1.311970536095824361e-06,6.644455785876206555e-01
4.500000000000000666e-01,1.665595718208346884e-02,7.240413400140011634e-03,4.571002432324346686e-03,4.147102095205860289e-03,4.382745814456215534e-03,4.810495214834224690e-06,2.034836280600716911e-06,1.035103302042236198e-06,9.591593274799866923e-07,1.195203730404683318e-06,6.435714567551963361e-01
4.529999999999999583e-01,1.439347536113199343e-02,6.362228833447622703e-03,4.074745008316610698e-03,3.740268574688652720e-03,3.990775350843858531e-03,4.168356471995128129e-06,1.789928709238491725e-06,9.232778092574586151e-07,8.654868418727277233e-07,1.088817634233346855e-06,6.223052764242081869e-01
4.560000000000000719e-01,1.243253244336939810e-02,5.590150500673675589e-03,3.632375580003497674e-03,3.373429644853641243e-03,3.633976398642786883e-03,3.608969724581436827e-06,1.574182468073168014e-06,8.234824658672185441e-07,7.809446851869867630e-07,9.918913742366375312e-07,6.007075037219541391e-01
4.589999999999999636e-01,1.073441571185111514e-02,4.911451284742006720e-03,3.238040236090651992e-03,3.042637902564526101e-03,3.309173268677623007e-03,3.122418780715636854e-06,1.384196826132790144e-06,7.344334504007701588e-07,7.046462300311815949e-07,9.035854301657994987e-07,5.788361737601884771e-01
4.620000000000000773e-01,9.265004286562239511e-03,4.314909383268077450e-03,2.886521449893559004e-03,2.744338465155831200e-03,3.013480379691332867e-03,2.699785082724565388e-06,1.216951358682715442e-06,6.549818213311636185e-07,6.357903315756072617e-07,8.231345053559492076e-07,5.567476672061298926e-01
4.649999999999999689e-01,7.994323233994913083e-03,3.790635136707563337e-03,2.573168801269206610e-03,2.475329396022793189e-03,2.744275182414212654e-03,2.333097861891026485e-06,1.069767157329347043e-06,5.840997832470262564e-07,5.736532006173369540e-07,7.498410122065087647e-07,5.344975258065461921e-01
4.680000000000000826e-01,6.896113741343311981e-03,3.329916653184136158e-03,2.293837260004386903e-03,2.232726220837380048e-03,2.499173707749650485e-03,2.015271451999844350e-06,9.402711143811680615e-07,5.208682608514643252e-07,5.175810278367148415e-07,6.830691212889772302e-07,5.121413267555957605e-01
4.709999999999999742e-01,5.947427704154549695e-03,2.925082454801165768e-03,2.044832201313567712e-03,2.013930093057964693e-03,2.276008468535110820e-03,1.740035597768267908e-06,8.263632614993568059e-07,4.644656754559806628e-07,4.669832938590868060e-07,6.222393267144852964e-07,4.897356430386376469e-01
4.740000000000000879e-01,5.128251616895594840e-03,2.569379472388709420e-03,1.822860415888575463e-03,1.816599218355753522e-03,2.072808474869944784e-03,1.501863081772783081e-06,7.261870712601918280e-07,4.141578228166951765e-07,4.213267046456531236e-07,5.668234841319132864e-07,4.673391253646840271e-01
4.769999999999999796e-01,4.421162124664416125e-03,2.256864830294311956e-03,1.624986458406681459e-03,1.638623192070810504e-03,1.887781149679066284e-03,1.295897762604868648e-06,6.381025821767014743e-07,3.692887562995128955e-07,3.801296964380621590e-07,5.163402812144365982e-07,4.450137514090493074e-01
4.800000000000000933e-01,3.811013795237276017e-03,1.982309983120014892e-03,1.448593750733147929e-03,1.478099942747545690e-03,1.719295954545382215e-03,1.117885143577597190e-06,5.606621774886125454e-07,3.292725850863375288e-07,3.429574589433468259e-07,4.703511037353938499e-07,4.228263000589173037e-01
4.829999999999999849e-01,3.284658436686708691e-03,1.741115887325073554e-03,1.291349920306230758e-03,1.333315008962397512e-03,1.565869556362303999e-03,9.641068411969412458e-07,4.925888311999196679e-07,2.935861031643881002e-07,3.094174296536216740e-07,4.284562633453974933e-07,4.008501220019819455e-01
4.860000000000000986e-01,2.830694479051841517e-03,1.529238008912508573e-03,1.151175911285265505e-03,1.202722906691937061e-03,1.426152383415454092e-03,8.313197588361544810e-07,4.327566278981265160e-07,2.617621709619125513e-07,2.791552161393060858e-07,3.902915559514108707e-07,3.791672921623726600e-01
4.889999999999999902e-01,2.439244448278334726e-03,1.343120081701050603e-03,1.026218456795179989e-03,1.084930370936194530e-03,1.298916435435625493e-03,7.167003581427979828e-07,3.801733630662609180e-07,2.333837775520147919e-07,2.518509068355071842e-07,3.555251221783191708e-07,3.578712409516378590e-01
4.920000000000001039e-01,2.101758299808548659e-03,1.179635637488146097e-03,9.148255457282018560e-04,9.786812786745818001e-04,1.183044226250274875e-03,6.177941269115497662e-07,3.339650357537279346e-07,2.080787172302091546e-07,2.272157342610726827e-07,3.238545837753783340e-07,3.370699627531115738e-01
4.949999999999999956e-01,1.810840280666736789e-03,1.036036428907737613e-03,8.155245577022090468e-04,8.828430808952016876e-04,1.077518750141036276e-03,5.324701403543878726e-07,2.933620539666303569e-07,1.855148199049827154e-07,2.049890577769493668e-07,2.950044320267816113e-07,3.168898765051708089e-01
4.980000000000001092e-01,1.560097001731700593e-03,9.099069575963519710e-04,7.270027754836550773e-04,7.963945897426828215e-04,9.814143740926074833e-04,4.588804804974780516e-07,2.576869837327004808e-07,1.653956800740067093e-07,1.849356359140542260e-07,2.687236462488413700e-07,2.974803362708278720e-01
5.010000000000000009e-01,1.344004488164478664e-03,7.991244043539260083e-04,6.480900159587419610e-04,7.184149830712332607e-04,8.938885679712919776e-04,3.954241978302567791e-07,2.263436845706208943e-07,1.474568341628102954e-07,1.668431609929535947e-07,2.447835223180813758e-07,2.790186097355322192e-01
5.040000000000001146e-01,1.157792107818798747e-03,7.018233344891634373e-04,5.777431490165398044e-04,6.480739031202299542e-04,8.141743934486359502e-04,3.407154561639052465e-07,1.988076863739790107e-07,1.314623406632741575e-07,1.505200312305584843e-07,2.229756928856631475e-07,2.617147830586518675e-01
5.070000000000000062e-01,9.973414348732263009e-04,6.163646207989624710e-04,5.150322988826797933e-04,5.846225388697943006e-04,7.415736803191530458e-04,2.935554849951345596e-07,1.746176750262972442e-07,1.172017218239669298e-07,1.357933377964386456e-07,2.031103225053586767e-07,2.458154169322691596e-01
5.100000000000001199e-01,8.590982747571298964e-04,5.413080890594609796e-04,4.591285448548040144e-04,5.273855930711027597e-04,6.754508258613198344e-04,2.529079652230558921e-07,1.533679660599384697e-07,1.044872296181896834e-07,1.225070463562529598e-07,1.850144623443961318e-07,2.316038160706057336e-01
5.130000000000000115e-01,7.399962470072703581e-04,4.753884469760979894e-04,4.092929583487334437e-04,4.757540451471302823e-04,6.152271591576087334e-04,2.178774876459541076e-07,1.347018571361653586e-07,9.315140236033491021e-08,1.105203545360074518e-07,1.685305504692821908e-07,2.193936278074544166e-01
5.160000000000001252e-01,6.373904885563588286e-04,4.174941077418206983e-04,3.648668309366789875e-04,4.291786302655814273e-04,5.603758179049255373e-04,1.876907447298702456e-07,1.183057609153122635e-07,8.304488167154102688e-08,9.970620847101079522e-08,1.535150449107351810e-07,2.095117895513862460e-01
5.190000000000000169e-01,5.490001970753914965e-04,3.666485641857716860e-04,3.252629638884647488e-04,3.871639630235007264e-04,5.104170902869627907e-04,1.616801414227681046e-07,1.039040299272481200e-07,7.403446252969374244e-08,8.994996318045285818e-08,1.398371778222084665e-07,2.022679489540096798e-01
5.220000000000001306e-01,4.728588800211405317e-04,3.219940094423266752e-04,2.899579038259732949e-04,3.492632414607728104e-04,4.649141790078099054e-04,1.392695379789863242e-07,9.125439430847074244e-08,6.600135189524803387e-08,8.114817294424389610e-08,1.273778200628383035e-07,1.979119476976079761e-01
5.250000000000000222e-01,4.072713088352830418e-04,2.827769355982308244e-04,2.584850216612548509e-04,3.150734736341987796e-04,4.234693486590606010e-04,1.199618652740276910e-07,8.014394174153726072e-08,5.883961390302476505e-08,7.320749916471745336e-08,1.160284464657642420e-07,1.965885858164535260e-01
5.280000000000001359e-01,3.507762989774305040e-04,2.483354733196336227e-04,2.304283431780402083e-04,2.842311748187405077e-04,3.857204212593783868e-04,1.033283798766161509e-07,7.038557663431604410e-08,5.245478187046205249e-08,6.604372438258175061e-08,1.056901929034210129e-07,1.983053600648780890e-01
5.310000000000000275e-01,3.021145453772126573e-04,2.180882634290878320e-04,2.054170495856803445e-04,2.564084886328554932e-04,3.513375881103361609e-04,8.899935153959738039e-08,6.181490254522400722e-08,4.676261941409307416e-08,5.958086219432132075e-08,9.627299703926562204e-08,2.029273814857457114e-01
5.340000000000001412e-01,2.602008400321684277e-04,1.915246761691325307e-04,1.831205752568518599e-04,2.313096900753660895e-04,3.200205090928573502e-04,7.665599938699910119e-08,5.428747813909567607e-08,4.168801480658674051e-08,5.375035379627274914e-08,8.769481536625014707e-08,2.102022824526571243e-01
5.370000000000000329e-01,2.241000846402450342e-04,1.681962157979350096e-04,1.632442377752555372e-04,2.086680326707343787e-04,2.914956732196601541e-04,6.602351472146750605e-08,4.767640259511334336e-08,3.716399436419146311e-08,4.849034276769509928e-08,7.988090978199876327e-08,2.198042546865454083e-01
5.400000000000001465e-01,1.930065872233692568e-04,1.477089675248361301e-04,1.455253424721143069e-04,1.882429056985824884e-04,2.655139966897362676e-04,5.686502799793506170e-08,4.187019143348633105e-08,3.313084214520011822e-08,4.374502050920349659e-08,7.276319754393724297e-08,2.313805664374440629e-01
5.430000000000000382e-01,1.662261985981688115e-04,1.297169608923337894e-04,1.297297099152968541e-04,1.698172708778419708e-04,2.418486368886595876e-04,4.897639513985924613e-08,3.677090823197587694e-08,2.953531457962410014e-08,3.946403548146755268e-08,6.627965898955007751e-08,2.445880676375262186e-01
5.460000000000001519e-01,1.431609031980185238e-04,1.139163387997870651e-04,1.156485804157298297e-04,1.531953509260422801e-04,2.202930027662741480e-04,4.218169410433147194e-08,3.229252171599128534e-08,2.632993985279261440e-08,3.560196004881467146e-08,6.037379790162991169e-08,2.591153560246325371e-01
5.490000000000000435e-01,1.232955300283430922e-04,1.000402346713691402e-04,1.030958546073372370e-04,1.382005451561923223e-04,2.006589438227136845e-04,3.632933655689445231e-08,2.835946127389378531e-08,2.347239294430390728e-08,3.211780932965114658e-08,5.499414985001261774e-08,2.746923921599393470e-01
5.520000000000001572e-01,1.061862942698639723e-04,8.785427200048255146e-05,9.190563360525570019e-05,1.246735497392449882e-04,1.827751015630949135e-04,3.128871183848537266e-08,2.490534711645042222e-08,2.092493819066930070e-08,2.897460699609569776e-08,5.009383425342058973e-08,2.910916747503792257e-01
5.550000000000000488e-01,9.145091899419216020e-05,7.715261083735821613e-05,8.193002621195506123e-05,1.124706624779922489e-04,1.664854087576983054e-04,2.694729124475350842e-08,2.187187410718621774e-08,1.865393210621386613e-08,2.613899345420345268e-08,4.563014628113783783e-08,3.081248445309033857e-01
5.579999999999999405e-01,7.876012031592505411e-05,6.775447488801063136e-05,7.303719417453152795e-05,1.014622539336547283e-04,1.516477231826695443e-04,2.320813014006575545e-08,1.920783077645233650e-08,1.662937997232613154e-08,2.358087227837715652e-08,4.156418505732969480e-08,3.256374168487146115e-01
5.610000000000000542e-01,6.783026870074063250e-05,5.950110090557129793e-05,6.510960964610596684e-05,9.153138854240152852e-05,1.381325837300085690e-04,1.998771373717772836e-08,1.686823723097520285e-08,1.482454039921066238e-08,2.127309117344269535e-08,3.786051494383520230e-08,3.435032035600368849e-01
5.639999999999999458e-01,5.841706463881969407e-05,5.225305910713476414e-05,5.804250181147792081e-05,8.257258097563560976e-05,1.258220778765620944e-04,1.721409962222700130e-08,1.481358761382898124e-08,1.321557268512474996e-08,1.919115409932540517e-08,3.448685696271884451e-08,3.616191824526132637e-01
5.670000000000000595e-01,5.031008897463790357e-05,4.588789955425084770e-05,5.174247213938954236e-05,7.449067445348692899e-05,1.146088105009406249e-04,1.482531641666042373e-08,1.300918448560942156e-08,1.178122235322564736e-08,1.731296151996395136e-08,3.141380768022289158e-08,3.799010981065202852e-01
5.699999999999999512e-01,4.332810729734748250e-05,4.029808489353221260e-05,4.612625995409129172e-05,6.719982903181293042e-05,1.043949649443696239e-04,1.276798345512916278e-08,1.142455401163438780e-08,1.050254074239260006e-08,1.561857603332108461e-08,2.861458311117536518e-08,3.982798328962835477e-01
5.730000000000000648e-01,3.731502432778047650e-05,3.538917465428696680e-05,4.111964200685575596e-05,6.062260906362122324e-05,9.509144803511411026e-05,1.099612112245488997e-08,1.003293217516513904e-08,9.362634971817759973e-09,1.409001090606258797e-08,2.606478541936241536e-08,4.166984776586608041e-01
5.759999999999999565e-01,3.213639852856252566e-05,3.107823052130889268e-05,3.665645150016702249e-05,5.468916009945884790e-05,8.661711154434537584e-05,9.470125624083355360e-09,8.810813413493473435e-09,8.346444995328745974e-09,1.271103927743130815e-08,2.374219038674635265e-08,4.351099946358980564e-01
5.790000000000000702e-01,2.767643951017539279e-05,2.729241571209633054e-05,3.267770359682155127e-05,4.933646644951901429e-05,7.889804322099307123e-05,8.155885543453915430e-09,7.737554110527449578e-09,7.440544815231226426e-09,1.146702201446176883e-08,2.162655380431170449e-08,4.534753629548146647e-01
5.819999999999999618e-01,2.383542146789001536e-05,2.396776485015344983e-05,2.913081585419877148e-05,4.450768149370734497e-05,7.186692117089363925e-05,7.024020637692313189e-09,6.795024292580529978e-09,6.632965241434250523e-09,1.034475239723495671e-08,1.969943510134409369e-08,4.717621088489399317e-01
5.850000000000000755e-01,2.052745508839533156e-05,2.104810359345322523e-05,2.596891327899657299e-05,4.015152360399947538e-05,6.546242590695247837e-05,6.049226002662428218e-09,5.967301677875736803e-09,5.913035863711814436e-09,9.332315990349619892e-09,1.794403667942823177e-08,4.899431390218473847e-01
5.879999999999999671e-01,1.767856830758038353e-05,1.848409979723761030e-05,2.315020881652452735e-05,3.622173124474684699e-05,5.962870490750005924e-05,5.209707054790002837e-09,5.240402937701922360e-09,5.271244156779017021e-09,8.418964217049387851e-09,1.634505755371940052e-08,5.079958114475389142e-01
5.910000000000000808e-01,1.522505315310198015e-05,1.623243020490412010e-05,2.063745108590352633e-05,3.267657144868777087e-05,5.431488498410239399e-05,4.486692778360129242e-09,4.602047649578330539e-09,4.699109862611674425e-09,7.595000297130402536e-09,1.488856002822118951e-08,5.259011917634163202e-01
5.939999999999999725e-01,1.311204181541855683e-05,1.425504860669538803e-05,1.839743206152112979e-05,2.947839643624196247e-05,4.947462818216848135e-05,3.864016415287937348e-09,4.041450970293856654e-09,4.189072995016545777e-09,6.851676340379638153e-09,1.356184824498548691e-08,5.436434548075602669e-01
5.970000000000000862e-01,1.129228018731648845e-05,1.251854311569976387e-05,1.640054819353967068e-05,2.659324365933658787e-05,4.506572732155584318e-05,3.327754266315381458e-09,3.549141538198621321e-09,3.734393990431874053e-09,6.181100505207778425e-09,1.235335755028566566e-08,5.612093999264042843e-01
5.999999999999999778e-01,9.725071505878450819e-06,1.099357171287543731e-05,1.462040916667522272e-05,2.399047501413609733e-05,4.104973763359869200e-05,2.865914560099824702e-09,3.116801537523744328e-09,3.329064688623823426e-09,5.576153238581231374e-09,1.125255371481087889e-08,5.785880557730554985e-01
